09:27:01:342  INFO 19556 --- [main] com.hmall.trade.TradeApplication         : The following 1 profile is active: "local"
09:27:02:261  INFO 19556 --- [main] o.s.cloud.context.scope.GenericScope     : BeanFactory id=3614652b-d55e-31a6-90bd-274c537b9be9
09:27:02:306  INFO 19556 --- [main] trationDelegate$BeanPostProcessorChecker : Bean 'io.seata.spring.boot.autoconfigure.SeataCoreAutoConfiguration' of type [io.seata.spring.boot.autoconfigure.SeataCoreAutoConfiguration] is not eligible for getting processed by all BeanPostProcessors (for example: not eligible for auto-proxying)
09:27:02:306  INFO 19556 --- [main] trationDelegate$BeanPostProcessorChecker : Bean 'springApplicationContextProvider' of type [io.seata.spring.boot.autoconfigure.provider.SpringApplicationContextProvider] is not eligible for getting processed by all BeanPostProcessors (for example: not eligible for auto-proxying)
09:27:02:307  INFO 19556 --- [main] trationDelegate$BeanPostProcessorChecker : Bean 'io.seata.spring.boot.autoconfigure.SeataAutoConfiguration' of type [io.seata.spring.boot.autoconfigure.SeataAutoConfiguration] is not eligible for getting processed by all BeanPostProcessors (for example: not eligible for auto-proxying)
09:27:02:328  INFO 19556 --- [main] trationDelegate$BeanPostProcessorChecker : Bean 'failureHandler' of type [io.seata.tm.api.DefaultFailureHandlerImpl] is not eligible for getting processed by all BeanPostProcessors (for example: not eligible for auto-proxying)
09:27:02:331  INFO 19556 --- [main] trationDelegate$BeanPostProcessorChecker : Bean 'org.springframework.cloud.commons.config.CommonsConfigAutoConfiguration' of type [org.springframework.cloud.commons.config.CommonsConfigAutoConfiguration] is not eligible for getting processed by all BeanPostProcessors (for example: not eligible for auto-proxying)
09:27:02:331  INFO 19556 --- [main] trationDelegate$BeanPostProcessorChecker : Bean 'org.springframework.cloud.client.loadbalancer.LoadBalancerDefaultMappingsProviderAutoConfiguration' of type [org.springframework.cloud.client.loadbalancer.LoadBalancerDefaultMappingsProviderAutoConfiguration] is not eligible for getting processed by all BeanPostProcessors (for example: not eligible for auto-proxying)
09:27:02:332  INFO 19556 --- [main] trationDelegate$BeanPostProcessorChecker : Bean 'loadBalancerClientsDefaultsMappingsProvider' of type [org.springframework.cloud.client.loadbalancer.LoadBalancerDefaultMappingsProviderAutoConfiguration$$Lambda$566/0x0000000800680c40] is not eligible for getting processed by all BeanPostProcessors (for example: not eligible for auto-proxying)
09:27:02:332  INFO 19556 --- [main] trationDelegate$BeanPostProcessorChecker : Bean 'defaultsBindHandlerAdvisor' of type [org.springframework.cloud.commons.config.DefaultsBindHandlerAdvisor] is not eligible for getting processed by all BeanPostProcessors (for example: not eligible for auto-proxying)
09:27:02:335  INFO 19556 --- [main] trationDelegate$BeanPostProcessorChecker : Bean 'springCloudAlibabaConfiguration' of type [io.seata.spring.boot.autoconfigure.properties.SpringCloudAlibabaConfiguration] is not eligible for getting processed by all BeanPostProcessors (for example: not eligible for auto-proxying)
09:27:02:337  INFO 19556 --- [main] trationDelegate$BeanPostProcessorChecker : Bean 'seataProperties' of type [io.seata.spring.boot.autoconfigure.properties.SeataProperties] is not eligible for getting processed by all BeanPostProcessors (for example: not eligible for auto-proxying)
09:27:02:340  INFO 19556 --- [main] i.s.s.b.a.SeataAutoConfiguration         : Automatically configure Seata
09:27:02:376  INFO 19556 --- [main] io.seata.config.ConfigurationFactory     : load Configuration from :Spring Configuration
09:27:02:379  INFO 19556 --- [main] io.seata.config.ConfigurationFactory     : load Configuration from :Spring Configuration
09:27:02:415  INFO 19556 --- [main] i.s.s.a.GlobalTransactionScanner         : Initializing Global Transaction Clients ... 
09:27:02:462  INFO 19556 --- [main] i.s.core.rpc.netty.NettyClientBootstrap  : NettyClientBootstrap has started
09:27:02:581  INFO 19556 --- [main] com.alibaba.nacos.common.remote.client   : [RpcClientFactory] create a new rpc client of 85221080-0275-4179-a403-c465a4e0f41d
09:27:02:581  INFO 19556 --- [main] com.alibaba.nacos.common.remote.client   : [85221080-0275-4179-a403-c465a4e0f41d] RpcClient init label, labels = {module=naming, source=sdk}
09:27:02:582  INFO 19556 --- [main] com.alibaba.nacos.common.remote.client   : [85221080-0275-4179-a403-c465a4e0f41d] RpcClient init, ServerListFactory = com.alibaba.nacos.client.naming.core.ServerListManager
09:27:02:582  INFO 19556 --- [main] com.alibaba.nacos.common.remote.client   : [85221080-0275-4179-a403-c465a4e0f41d] Registry connection listener to current client:com.alibaba.nacos.client.naming.remote.gprc.redo.NamingGrpcRedoService
09:27:02:582  INFO 19556 --- [main] com.alibaba.nacos.common.remote.client   : [85221080-0275-4179-a403-c465a4e0f41d] Register server push request handler:com.alibaba.nacos.client.naming.remote.gprc.NamingPushRequestHandler
09:27:02:583  INFO 19556 --- [main] com.alibaba.nacos.common.remote.client   : [85221080-0275-4179-a403-c465a4e0f41d] Try to connect to server on start up, server: {serverIp = '192.168.100.128', server main port = 8848}
09:27:02:696  INFO 19556 --- [main] com.alibaba.nacos.common.remote.client   : [85221080-0275-4179-a403-c465a4e0f41d] Success to connect to server [192.168.100.128:8848] on start up, connectionId = 1773797220877_192.168.100.1_13837
09:27:02:696  INFO 19556 --- [main] com.alibaba.nacos.common.remote.client   : [85221080-0275-4179-a403-c465a4e0f41d] Register server push request handler:com.alibaba.nacos.common.remote.client.RpcClient$ConnectResetRequestHandler
09:27:02:696  INFO 19556 --- [main] com.alibaba.nacos.common.remote.client   : [85221080-0275-4179-a403-c465a4e0f41d] Register server push request handler:com.alibaba.nacos.common.remote.client.RpcClient$$Lambda$470/0x000000080051f840
09:27:02:696  INFO 19556 --- [com.alibaba.nacos.client.remote.worker] com.alibaba.nacos.common.remote.client   : [85221080-0275-4179-a403-c465a4e0f41d] Notify connected event to listeners.
09:27:02:722  INFO 19556 --- [main] i.s.c.r.netty.NettyClientChannelManager  : will connect to 192.168.100.128:8099
09:27:03:273  INFO 19556 --- [main] i.s.core.rpc.netty.NettyPoolableFactory  : NettyPool create channel to transactionRole:TMROLE,address:192.168.100.128:8099,msg:< RegisterTMRequest{applicationId='trade-service', transactionServiceGroup='hmall'} >
09:27:03:304  INFO 19556 --- [nacos-grpc-client-executor-5] com.alibaba.nacos.common.remote.client   : [85221080-0275-4179-a403-c465a4e0f41d] Receive server push request, request = NotifySubscriberRequest, requestId = 11
09:27:03:306  INFO 19556 --- [nacos-grpc-client-executor-5] com.alibaba.nacos.common.remote.client   : [85221080-0275-4179-a403-c465a4e0f41d] Ack server push request, request = NotifySubscriberRequest, requestId = 11
09:27:03:987  INFO 19556 --- [main] i.s.c.rpc.netty.TmNettyRemotingClient    : register TM success. client version:1.5.2, server version:1.5.2,channel:[id: 0x4484616e, L:/192.168.100.1:13888 - R:/192.168.100.128:8099]
09:27:03:991  INFO 19556 --- [main] i.s.core.rpc.netty.NettyPoolableFactory  : register success, cost 46 ms, version:1.5.2,role:TMROLE,channel:[id: 0x4484616e, L:/192.168.100.1:13888 - R:/192.168.100.128:8099]
09:27:03:991  INFO 19556 --- [main] i.s.s.a.GlobalTransactionScanner         : Transaction Manager Client is initialized. applicationId[trade-service] txServiceGroup[hmall]
09:27:03:998  INFO 19556 --- [main] io.seata.rm.datasource.AsyncWorker       : Async Commit Buffer Limit: 10000
09:27:03:998  INFO 19556 --- [main] i.s.rm.datasource.xa.ResourceManagerXA   : ResourceManagerXA init ...
09:27:04:004  INFO 19556 --- [main] i.s.core.rpc.netty.NettyClientBootstrap  : NettyClientBootstrap has started
09:27:04:004  INFO 19556 --- [main] i.s.s.a.GlobalTransactionScanner         : Resource Manager is initialized. applicationId[trade-service] txServiceGroup[hmall]
09:27:04:004  INFO 19556 --- [main] i.s.s.a.GlobalTransactionScanner         : Global Transaction Clients are initialized. 
09:27:04:006  INFO 19556 --- [main] trationDelegate$BeanPostProcessorChecker : Bean 'io.seata.spring.boot.autoconfigure.SeataDataSourceAutoConfiguration' of type [io.seata.spring.boot.autoconfigure.SeataDataSourceAutoConfiguration] is not eligible for getting processed by all BeanPostProcessors (for example: not eligible for auto-proxying)
09:27:04:063  INFO 19556 --- [main] trationDelegate$BeanPostProcessorChecker : Bean 'com.alibaba.cloud.seata.feign.SeataFeignClientAutoConfiguration$FeignBeanPostProcessorConfiguration' of type [com.alibaba.cloud.seata.feign.SeataFeignClientAutoConfiguration$FeignBeanPostProcessorConfiguration] is not eligible for getting processed by all BeanPostProcessors (for example: not eligible for auto-proxying)
09:27:04:065  INFO 19556 --- [main] trationDelegate$BeanPostProcessorChecker : Bean 'seataFeignObjectWrapper' of type [com.alibaba.cloud.seata.feign.SeataFeignObjectWrapper] is not eligible for getting processed by all BeanPostProcessors (for example: not eligible for auto-proxying)
09:27:04:249  INFO 19556 --- [main] o.s.b.w.embedded.tomcat.TomcatWebServer  : Tomcat initialized with port(s): 8084 (http)
09:27:04:257  INFO 19556 --- [main] o.apache.catalina.core.StandardService   : Starting service [Tomcat]
09:27:04:257  INFO 19556 --- [main] org.apache.catalina.core.StandardEngine  : Starting Servlet engine: [Apache Tomcat/9.0.75]
09:27:04:391  INFO 19556 --- [main] o.a.c.c.C.[Tomcat].[localhost].[/]       : Initializing Spring embedded WebApplicationContext
09:27:04:391  INFO 19556 --- [main] w.s.c.ServletWebServerApplicationContext : Root WebApplicationContext: initialization completed in 3022 ms
09:27:04:526  INFO 19556 --- [main] o.s.c.openfeign.FeignClientFactoryBean   : For 'item-service' URL not provided. Will try picking an instance via load-balancing.
09:27:04:653  INFO 19556 --- [main] com.zaxxer.hikari.HikariDataSource       : HikariPool-1 - Starting...
09:27:04:900  INFO 19556 --- [main] com.zaxxer.hikari.HikariDataSource       : HikariPool-1 - Start completed.
09:27:04:977  INFO 19556 --- [main] i.s.c.r.netty.NettyClientChannelManager  : will connect to 192.168.100.128:8099
09:27:04:978  INFO 19556 --- [main] i.s.c.rpc.netty.RmNettyRemotingClient    : RM will register :jdbc:mysql://192.168.100.128:3308/hm-trade
09:27:04:978  INFO 19556 --- [main] i.s.core.rpc.netty.NettyPoolableFactory  : NettyPool create channel to transactionRole:RMROLE,address:192.168.100.128:8099,msg:< RegisterRMRequest{resourceIds='jdbc:mysql://192.168.100.128:3308/hm-trade', applicationId='trade-service', transactionServiceGroup='hmall'} >
09:27:04:986  INFO 19556 --- [main] i.s.c.rpc.netty.RmNettyRemotingClient    : register RM success. client version:1.5.2, server version:1.5.2,channel:[id: 0x1170f940, L:/192.168.100.1:13892 - R:/192.168.100.128:8099]
09:27:04:986  INFO 19556 --- [main] i.s.core.rpc.netty.NettyPoolableFactory  : register success, cost 6 ms, version:1.5.2,role:RMROLE,channel:[id: 0x1170f940, L:/192.168.100.1:13892 - R:/192.168.100.128:8099]
09:27:06:692  INFO 19556 --- [main] o.s.c.openfeign.FeignClientFactoryBean   : For 'cart-service' URL not provided. Will try picking an instance via load-balancing.
09:27:06:840  INFO 19556 --- [main] i.s.s.a.GlobalTransactionScanner         : Bean[com.hmall.trade.service.impl.OrderServiceImpl$$EnhancerBySpringCGLIB$$e4af66b9] with name [orderServiceImpl] would use interceptor [io.seata.spring.annotation.GlobalTransactionalInterceptor]
09:27:06:853  INFO 19556 --- [main] o.s.c.openfeign.FeignClientFactoryBean   : For 'pay-service' URL not provided. Will try picking an instance via load-balancing.
09:27:07:889  INFO 19556 --- [main] pertySourcedRequestMappingHandlerMapping : Mapped URL path [/v2/api-docs] onto method [springfox.documentation.swagger2.web.Swagger2ControllerWebMvc#getDocumentation(String, HttpServletRequest)]
09:27:08:834  INFO 19556 --- [main] com.alibaba.nacos.common.remote.client   : [RpcClientFactory] create a new rpc client of 914af8ae-08f4-4888-a186-6b3078161b3e
09:27:08:835  INFO 19556 --- [main] com.alibaba.nacos.common.remote.client   : [914af8ae-08f4-4888-a186-6b3078161b3e] RpcClient init label, labels = {module=naming, source=sdk}
09:27:08:835  INFO 19556 --- [main] com.alibaba.nacos.common.remote.client   : [914af8ae-08f4-4888-a186-6b3078161b3e] RpcClient init, ServerListFactory = com.alibaba.nacos.client.naming.core.ServerListManager
09:27:08:835  INFO 19556 --- [main] com.alibaba.nacos.common.remote.client   : [914af8ae-08f4-4888-a186-6b3078161b3e] Registry connection listener to current client:com.alibaba.nacos.client.naming.remote.gprc.redo.NamingGrpcRedoService
09:27:08:835  INFO 19556 --- [main] com.alibaba.nacos.common.remote.client   : [914af8ae-08f4-4888-a186-6b3078161b3e] Register server push request handler:com.alibaba.nacos.client.naming.remote.gprc.NamingPushRequestHandler
09:27:08:835  INFO 19556 --- [main] com.alibaba.nacos.common.remote.client   : [914af8ae-08f4-4888-a186-6b3078161b3e] Try to connect to server on start up, server: {serverIp = '192.168.100.128', server main port = 8848}
09:27:08:949  INFO 19556 --- [main] com.alibaba.nacos.common.remote.client   : [914af8ae-08f4-4888-a186-6b3078161b3e] Success to connect to server [192.168.100.128:8848] on start up, connectionId = 1773797227130_192.168.100.1_13913
09:27:08:949  INFO 19556 --- [main] com.alibaba.nacos.common.remote.client   : [914af8ae-08f4-4888-a186-6b3078161b3e] Register server push request handler:com.alibaba.nacos.common.remote.client.RpcClient$ConnectResetRequestHandler
09:27:08:949  INFO 19556 --- [com.alibaba.nacos.client.remote.worker] com.alibaba.nacos.common.remote.client   : [914af8ae-08f4-4888-a186-6b3078161b3e] Notify connected event to listeners.
09:27:08:949  INFO 19556 --- [main] com.alibaba.nacos.common.remote.client   : [914af8ae-08f4-4888-a186-6b3078161b3e] Register server push request handler:com.alibaba.nacos.common.remote.client.RpcClient$$Lambda$470/0x000000080051f840
09:27:08:973  INFO 19556 --- [main] o.s.b.w.embedded.tomcat.TomcatWebServer  : Tomcat started on port(s): 8084 (http) with context path ''
09:27:08:983  INFO 19556 --- [main] c.a.c.n.registry.NacosServiceRegistry    : nacos registry, DEFAULT_GROUP trade-service 169.254.111.236:8084 register finished
09:27:09:471  INFO 19556 --- [nacos-grpc-client-executor-7] com.alibaba.nacos.common.remote.client   : [914af8ae-08f4-4888-a186-6b3078161b3e] Receive server push request, request = NotifySubscriberRequest, requestId = 13
09:27:09:473  INFO 19556 --- [nacos-grpc-client-executor-7] com.alibaba.nacos.common.remote.client   : [914af8ae-08f4-4888-a186-6b3078161b3e] Ack server push request, request = NotifySubscriberRequest, requestId = 13
09:27:09:641  INFO 19556 --- [main] d.s.w.p.DocumentationPluginsBootstrapper : Documentation plugins bootstrapped
09:27:09:643  INFO 19556 --- [main] d.s.w.p.DocumentationPluginsBootstrapper : Found 1 custom documentation plugin(s)
09:27:09:657  INFO 19556 --- [main] s.d.s.w.s.ApiListingReferenceScanner     : Scanning for api listing references
09:27:09:713  INFO 19556 --- [main] o.s.a.r.c.CachingConnectionFactory       : Attempting to connect to: [192.168.100.128:5672]
09:27:09:738  INFO 19556 --- [main] o.s.a.r.c.CachingConnectionFactory       : Created new connection: rabbitConnectionFactory#29a5f924:0/SimpleConnection@63bdf82d [delegate=amqp://hmall@192.168.100.128:5672//hmall, localPort= 13920]
09:27:09:801  INFO 19556 --- [main] com.hmall.trade.TradeApplication         : Started TradeApplication in 14.56 seconds (JVM running for 15.817)
09:27:09:807  INFO 19556 --- [main] c.a.c.n.refresh.NacosContextRefresher    : [Nacos Config] Listening config: dataId=trade-service, group=DEFAULT_GROUP
09:27:09:808  INFO 19556 --- [main] c.a.c.n.refresh.NacosContextRefresher    : [Nacos Config] Listening config: dataId=trade-service-local.yaml, group=DEFAULT_GROUP
09:27:09:808  INFO 19556 --- [main] c.a.c.n.refresh.NacosContextRefresher    : [Nacos Config] Listening config: dataId=trade-service.yaml, group=DEFAULT_GROUP
09:27:09:851 DEBUG 19556 --- [scheduling-1] c.h.t.m.LocalMessageMapper.selectList    : ==>  Preparing: SELECT id,message_id,exchange,routing_key,message_body,status,try_count,create_time,update_time,user_id FROM t_local_message WHERE (status = ? OR status = ?) LIMIT 100
09:27:09:865 DEBUG 19556 --- [scheduling-1] c.h.t.m.LocalMessageMapper.selectList    : ==> Parameters: 0(Integer), 2(Integer)
09:27:10:045 DEBUG 19556 --- [scheduling-1] c.h.t.m.LocalMessageMapper.selectList    : <==      Total: 0
09:27:20:048 DEBUG 19556 --- [scheduling-1] c.h.t.m.LocalMessageMapper.selectList    : ==>  Preparing: SELECT id,message_id,exchange,routing_key,message_body,status,try_count,create_time,update_time,user_id FROM t_local_message WHERE (status = ? OR status = ?) LIMIT 100
09:27:20:049 DEBUG 19556 --- [scheduling-1] c.h.t.m.LocalMessageMapper.selectList    : ==> Parameters: 0(Integer), 2(Integer)
09:27:20:121 DEBUG 19556 --- [scheduling-1] c.h.t.m.LocalMessageMapper.selectList    : <==      Total: 0
09:27:30:123 DEBUG 19556 --- [scheduling-1] c.h.t.m.LocalMessageMapper.selectList    : ==>  Preparing: SELECT id,message_id,exchange,routing_key,message_body,status,try_count,create_time,update_time,user_id FROM t_local_message WHERE (status = ? OR status = ?) LIMIT 100
09:27:30:124 DEBUG 19556 --- [scheduling-1] c.h.t.m.LocalMessageMapper.selectList    : ==> Parameters: 0(Integer), 2(Integer)
09:27:30:125 DEBUG 19556 --- [scheduling-1] c.h.t.m.LocalMessageMapper.selectList    : <==      Total: 0
09:27:35:478  INFO 19556 --- [rpcDispatch_RMROLE_1_1_24] i.s.c.r.p.client.RmUndoLogProcessor      : rm handle undo log process:UndoLogDeleteRequest{resourceId='jdbc:mysql://192.168.100.128:3308/hm-trade', saveDays=7, branchType=AT}
09:27:40:129 DEBUG 19556 --- [scheduling-1] c.h.t.m.LocalMessageMapper.selectList    : ==>  Preparing: SELECT id,message_id,exchange,routing_key,message_body,status,try_count,create_time,update_time,user_id FROM t_local_message WHERE (status = ? OR status = ?) LIMIT 100
09:27:40:130 DEBUG 19556 --- [scheduling-1] c.h.t.m.LocalMessageMapper.selectList    : ==> Parameters: 0(Integer), 2(Integer)
09:27:40:131 DEBUG 19556 --- [scheduling-1] c.h.t.m.LocalMessageMapper.selectList    : <==      Total: 0
09:27:50:133 DEBUG 19556 --- [scheduling-1] c.h.t.m.LocalMessageMapper.selectList    : ==>  Preparing: SELECT id,message_id,exchange,routing_key,message_body,status,try_count,create_time,update_time,user_id FROM t_local_message WHERE (status = ? OR status = ?) LIMIT 100
09:27:50:133 DEBUG 19556 --- [scheduling-1] c.h.t.m.LocalMessageMapper.selectList    : ==> Parameters: 0(Integer), 2(Integer)
09:27:50:134 DEBUG 19556 --- [scheduling-1] c.h.t.m.LocalMessageMapper.selectList    : <==      Total: 0
09:28:00:137 DEBUG 19556 --- [scheduling-1] c.h.t.m.LocalMessageMapper.selectList    : ==>  Preparing: SELECT id,message_id,exchange,routing_key,message_body,status,try_count,create_time,update_time,user_id FROM t_local_message WHERE (status = ? OR status = ?) LIMIT 100
09:28:00:137 DEBUG 19556 --- [scheduling-1] c.h.t.m.LocalMessageMapper.selectList    : ==> Parameters: 0(Integer), 2(Integer)
09:28:00:138 DEBUG 19556 --- [scheduling-1] c.h.t.m.LocalMessageMapper.selectList    : <==      Total: 0
09:28:10:141 DEBUG 19556 --- [scheduling-1] c.h.t.m.LocalMessageMapper.selectList    : ==>  Preparing: SELECT id,message_id,exchange,routing_key,message_body,status,try_count,create_time,update_time,user_id FROM t_local_message WHERE (status = ? OR status = ?) LIMIT 100
09:28:10:142 DEBUG 19556 --- [scheduling-1] c.h.t.m.LocalMessageMapper.selectList    : ==> Parameters: 0(Integer), 2(Integer)
09:28:10:143 DEBUG 19556 --- [scheduling-1] c.h.t.m.LocalMessageMapper.selectList    : <==      Total: 0
09:28:20:146 DEBUG 19556 --- [scheduling-1] c.h.t.m.LocalMessageMapper.selectList    : ==>  Preparing: SELECT id,message_id,exchange,routing_key,message_body,status,try_count,create_time,update_time,user_id FROM t_local_message WHERE (status = ? OR status = ?) LIMIT 100
09:28:20:147 DEBUG 19556 --- [scheduling-1] c.h.t.m.LocalMessageMapper.selectList    : ==> Parameters: 0(Integer), 2(Integer)
09:28:20:148 DEBUG 19556 --- [scheduling-1] c.h.t.m.LocalMessageMapper.selectList    : <==      Total: 0
09:28:30:150 DEBUG 19556 --- [scheduling-1] c.h.t.m.LocalMessageMapper.selectList    : ==>  Preparing: SELECT id,message_id,exchange,routing_key,message_body,status,try_count,create_time,update_time,user_id FROM t_local_message WHERE (status = ? OR status = ?) LIMIT 100
09:28:30:151 DEBUG 19556 --- [scheduling-1] c.h.t.m.LocalMessageMapper.selectList    : ==> Parameters: 0(Integer), 2(Integer)
09:28:30:152 DEBUG 19556 --- [scheduling-1] c.h.t.m.LocalMessageMapper.selectList    : <==      Total: 0
09:28:40:155 DEBUG 19556 --- [scheduling-1] c.h.t.m.LocalMessageMapper.selectList    : ==>  Preparing: SELECT id,message_id,exchange,routing_key,message_body,status,try_count,create_time,update_time,user_id FROM t_local_message WHERE (status = ? OR status = ?) LIMIT 100
09:28:40:155 DEBUG 19556 --- [scheduling-1] c.h.t.m.LocalMessageMapper.selectList    : ==> Parameters: 0(Integer), 2(Integer)
09:28:40:156 DEBUG 19556 --- [scheduling-1] c.h.t.m.LocalMessageMapper.selectList    : <==      Total: 0
09:28:50:159 DEBUG 19556 --- [scheduling-1] c.h.t.m.LocalMessageMapper.selectList    : ==>  Preparing: SELECT id,message_id,exchange,routing_key,message_body,status,try_count,create_time,update_time,user_id FROM t_local_message WHERE (status = ? OR status = ?) LIMIT 100
09:28:50:160 DEBUG 19556 --- [scheduling-1] c.h.t.m.LocalMessageMapper.selectList    : ==> Parameters: 0(Integer), 2(Integer)
09:28:50:160 DEBUG 19556 --- [scheduling-1] c.h.t.m.LocalMessageMapper.selectList    : <==      Total: 0
09:29:00:163 DEBUG 19556 --- [scheduling-1] c.h.t.m.LocalMessageMapper.selectList    : ==>  Preparing: SELECT id,message_id,exchange,routing_key,message_body,status,try_count,create_time,update_time,user_id FROM t_local_message WHERE (status = ? OR status = ?) LIMIT 100
09:29:00:163 DEBUG 19556 --- [scheduling-1] c.h.t.m.LocalMessageMapper.selectList    : ==> Parameters: 0(Integer), 2(Integer)
09:29:00:164 DEBUG 19556 --- [scheduling-1] c.h.t.m.LocalMessageMapper.selectList    : <==      Total: 0
09:29:10:166 DEBUG 19556 --- [scheduling-1] c.h.t.m.LocalMessageMapper.selectList    : ==>  Preparing: SELECT id,message_id,exchange,routing_key,message_body,status,try_count,create_time,update_time,user_id FROM t_local_message WHERE (status = ? OR status = ?) LIMIT 100
09:29:10:167 DEBUG 19556 --- [scheduling-1] c.h.t.m.LocalMessageMapper.selectList    : ==> Parameters: 0(Integer), 2(Integer)
09:29:10:168 DEBUG 19556 --- [scheduling-1] c.h.t.m.LocalMessageMapper.selectList    : <==      Total: 0
09:29:20:171 DEBUG 19556 --- [scheduling-1] c.h.t.m.LocalMessageMapper.selectList    : ==>  Preparing: SELECT id,message_id,exchange,routing_key,message_body,status,try_count,create_time,update_time,user_id FROM t_local_message WHERE (status = ? OR status = ?) LIMIT 100
09:29:20:171 DEBUG 19556 --- [scheduling-1] c.h.t.m.LocalMessageMapper.selectList    : ==> Parameters: 0(Integer), 2(Integer)
09:29:20:172 DEBUG 19556 --- [scheduling-1] c.h.t.m.LocalMessageMapper.selectList    : <==      Total: 0
09:29:30:175 DEBUG 19556 --- [scheduling-1] c.h.t.m.LocalMessageMapper.selectList    : ==>  Preparing: SELECT id,message_id,exchange,routing_key,message_body,status,try_count,create_time,update_time,user_id FROM t_local_message WHERE (status = ? OR status = ?) LIMIT 100
09:29:30:176 DEBUG 19556 --- [scheduling-1] c.h.t.m.LocalMessageMapper.selectList    : ==> Parameters: 0(Integer), 2(Integer)
09:29:30:177 DEBUG 19556 --- [scheduling-1] c.h.t.m.LocalMessageMapper.selectList    : <==      Total: 0
09:29:40:180 DEBUG 19556 --- [scheduling-1] c.h.t.m.LocalMessageMapper.selectList    : ==>  Preparing: SELECT id,message_id,exchange,routing_key,message_body,status,try_count,create_time,update_time,user_id FROM t_local_message WHERE (status = ? OR status = ?) LIMIT 100
09:29:40:180 DEBUG 19556 --- [scheduling-1] c.h.t.m.LocalMessageMapper.selectList    : ==> Parameters: 0(Integer), 2(Integer)
09:29:40:182 DEBUG 19556 --- [scheduling-1] c.h.t.m.LocalMessageMapper.selectList    : <==      Total: 0
09:29:50:185 DEBUG 19556 --- [scheduling-1] c.h.t.m.LocalMessageMapper.selectList    : ==>  Preparing: SELECT id,message_id,exchange,routing_key,message_body,status,try_count,create_time,update_time,user_id FROM t_local_message WHERE (status = ? OR status = ?) LIMIT 100
09:29:50:185 DEBUG 19556 --- [scheduling-1] c.h.t.m.LocalMessageMapper.selectList    : ==> Parameters: 0(Integer), 2(Integer)
09:29:50:186 DEBUG 19556 --- [scheduling-1] c.h.t.m.LocalMessageMapper.selectList    : <==      Total: 0
09:30:00:190 DEBUG 19556 --- [scheduling-1] c.h.t.m.LocalMessageMapper.selectList    : ==>  Preparing: SELECT id,message_id,exchange,routing_key,message_body,status,try_count,create_time,update_time,user_id FROM t_local_message WHERE (status = ? OR status = ?) LIMIT 100
09:30:00:190 DEBUG 19556 --- [scheduling-1] c.h.t.m.LocalMessageMapper.selectList    : ==> Parameters: 0(Integer), 2(Integer)
09:30:00:191 DEBUG 19556 --- [scheduling-1] c.h.t.m.LocalMessageMapper.selectList    : <==      Total: 0
09:30:10:193 DEBUG 19556 --- [scheduling-1] c.h.t.m.LocalMessageMapper.selectList    : ==>  Preparing: SELECT id,message_id,exchange,routing_key,message_body,status,try_count,create_time,update_time,user_id FROM t_local_message WHERE (status = ? OR status = ?) LIMIT 100
09:30:10:193 DEBUG 19556 --- [scheduling-1] c.h.t.m.LocalMessageMapper.selectList    : ==> Parameters: 0(Integer), 2(Integer)
09:30:10:194 DEBUG 19556 --- [scheduling-1] c.h.t.m.LocalMessageMapper.selectList    : <==      Total: 0
09:30:20:198 DEBUG 19556 --- [scheduling-1] c.h.t.m.LocalMessageMapper.selectList    : ==>  Preparing: SELECT id,message_id,exchange,routing_key,message_body,status,try_count,create_time,update_time,user_id FROM t_local_message WHERE (status = ? OR status = ?) LIMIT 100
09:30:20:198 DEBUG 19556 --- [scheduling-1] c.h.t.m.LocalMessageMapper.selectList    : ==> Parameters: 0(Integer), 2(Integer)
09:30:20:199 DEBUG 19556 --- [scheduling-1] c.h.t.m.LocalMessageMapper.selectList    : <==      Total: 0
09:30:30:202 DEBUG 19556 --- [scheduling-1] c.h.t.m.LocalMessageMapper.selectList    : ==>  Preparing: SELECT id,message_id,exchange,routing_key,message_body,status,try_count,create_time,update_time,user_id FROM t_local_message WHERE (status = ? OR status = ?) LIMIT 100
09:30:30:202 DEBUG 19556 --- [scheduling-1] c.h.t.m.LocalMessageMapper.selectList    : ==> Parameters: 0(Integer), 2(Integer)
09:30:30:203 DEBUG 19556 --- [scheduling-1] c.h.t.m.LocalMessageMapper.selectList    : <==      Total: 0
09:30:40:205 DEBUG 19556 --- [scheduling-1] c.h.t.m.LocalMessageMapper.selectList    : ==>  Preparing: SELECT id,message_id,exchange,routing_key,message_body,status,try_count,create_time,update_time,user_id FROM t_local_message WHERE (status = ? OR status = ?) LIMIT 100
09:30:40:205 DEBUG 19556 --- [scheduling-1] c.h.t.m.LocalMessageMapper.selectList    : ==> Parameters: 0(Integer), 2(Integer)
09:30:40:206 DEBUG 19556 --- [scheduling-1] c.h.t.m.LocalMessageMapper.selectList    : <==      Total: 0
09:30:50:209 DEBUG 19556 --- [scheduling-1] c.h.t.m.LocalMessageMapper.selectList    : ==>  Preparing: SELECT id,message_id,exchange,routing_key,message_body,status,try_count,create_time,update_time,user_id FROM t_local_message WHERE (status = ? OR status = ?) LIMIT 100
09:30:50:210 DEBUG 19556 --- [scheduling-1] c.h.t.m.LocalMessageMapper.selectList    : ==> Parameters: 0(Integer), 2(Integer)
09:30:50:210 DEBUG 19556 --- [scheduling-1] c.h.t.m.LocalMessageMapper.selectList    : <==      Total: 0
09:31:00:212 DEBUG 19556 --- [scheduling-1] c.h.t.m.LocalMessageMapper.selectList    : ==>  Preparing: SELECT id,message_id,exchange,routing_key,message_body,status,try_count,create_time,update_time,user_id FROM t_local_message WHERE (status = ? OR status = ?) LIMIT 100
09:31:00:212 DEBUG 19556 --- [scheduling-1] c.h.t.m.LocalMessageMapper.selectList    : ==> Parameters: 0(Integer), 2(Integer)
09:31:00:213 DEBUG 19556 --- [scheduling-1] c.h.t.m.LocalMessageMapper.selectList    : <==      Total: 0
09:31:10:216 DEBUG 19556 --- [scheduling-1] c.h.t.m.LocalMessageMapper.selectList    : ==>  Preparing: SELECT id,message_id,exchange,routing_key,message_body,status,try_count,create_time,update_time,user_id FROM t_local_message WHERE (status = ? OR status = ?) LIMIT 100
09:31:10:216 DEBUG 19556 --- [scheduling-1] c.h.t.m.LocalMessageMapper.selectList    : ==> Parameters: 0(Integer), 2(Integer)
09:31:10:217 DEBUG 19556 --- [scheduling-1] c.h.t.m.LocalMessageMapper.selectList    : <==      Total: 0
09:31:20:220 DEBUG 19556 --- [scheduling-1] c.h.t.m.LocalMessageMapper.selectList    : ==>  Preparing: SELECT id,message_id,exchange,routing_key,message_body,status,try_count,create_time,update_time,user_id FROM t_local_message WHERE (status = ? OR status = ?) LIMIT 100
09:31:20:220 DEBUG 19556 --- [scheduling-1] c.h.t.m.LocalMessageMapper.selectList    : ==> Parameters: 0(Integer), 2(Integer)
09:31:20:221 DEBUG 19556 --- [scheduling-1] c.h.t.m.LocalMessageMapper.selectList    : <==      Total: 0
09:31:30:223 DEBUG 19556 --- [scheduling-1] c.h.t.m.LocalMessageMapper.selectList    : ==>  Preparing: SELECT id,message_id,exchange,routing_key,message_body,status,try_count,create_time,update_time,user_id FROM t_local_message WHERE (status = ? OR status = ?) LIMIT 100
09:31:30:223 DEBUG 19556 --- [scheduling-1] c.h.t.m.LocalMessageMapper.selectList    : ==> Parameters: 0(Integer), 2(Integer)
09:31:30:224 DEBUG 19556 --- [scheduling-1] c.h.t.m.LocalMessageMapper.selectList    : <==      Total: 0
09:31:40:228 DEBUG 19556 --- [scheduling-1] c.h.t.m.LocalMessageMapper.selectList    : ==>  Preparing: SELECT id,message_id,exchange,routing_key,message_body,status,try_count,create_time,update_time,user_id FROM t_local_message WHERE (status = ? OR status = ?) LIMIT 100
09:31:40:228 DEBUG 19556 --- [scheduling-1] c.h.t.m.LocalMessageMapper.selectList    : ==> Parameters: 0(Integer), 2(Integer)
09:31:40:229 DEBUG 19556 --- [scheduling-1] c.h.t.m.LocalMessageMapper.selectList    : <==      Total: 0
09:31:50:231 DEBUG 19556 --- [scheduling-1] c.h.t.m.LocalMessageMapper.selectList    : ==>  Preparing: SELECT id,message_id,exchange,routing_key,message_body,status,try_count,create_time,update_time,user_id FROM t_local_message WHERE (status = ? OR status = ?) LIMIT 100
09:31:50:231 DEBUG 19556 --- [scheduling-1] c.h.t.m.LocalMessageMapper.selectList    : ==> Parameters: 0(Integer), 2(Integer)
09:31:50:232 DEBUG 19556 --- [scheduling-1] c.h.t.m.LocalMessageMapper.selectList    : <==      Total: 0
09:32:00:234 DEBUG 19556 --- [scheduling-1] c.h.t.m.LocalMessageMapper.selectList    : ==>  Preparing: SELECT id,message_id,exchange,routing_key,message_body,status,try_count,create_time,update_time,user_id FROM t_local_message WHERE (status = ? OR status = ?) LIMIT 100
09:32:00:234 DEBUG 19556 --- [scheduling-1] c.h.t.m.LocalMessageMapper.selectList    : ==> Parameters: 0(Integer), 2(Integer)
09:32:00:235 DEBUG 19556 --- [scheduling-1] c.h.t.m.LocalMessageMapper.selectList    : <==      Total: 0
09:32:10:239 DEBUG 19556 --- [scheduling-1] c.h.t.m.LocalMessageMapper.selectList    : ==>  Preparing: SELECT id,message_id,exchange,routing_key,message_body,status,try_count,create_time,update_time,user_id FROM t_local_message WHERE (status = ? OR status = ?) LIMIT 100
09:32:10:239 DEBUG 19556 --- [scheduling-1] c.h.t.m.LocalMessageMapper.selectList    : ==> Parameters: 0(Integer), 2(Integer)
09:32:10:240 DEBUG 19556 --- [scheduling-1] c.h.t.m.LocalMessageMapper.selectList    : <==      Total: 0
09:32:20:243 DEBUG 19556 --- [scheduling-1] c.h.t.m.LocalMessageMapper.selectList    : ==>  Preparing: SELECT id,message_id,exchange,routing_key,message_body,status,try_count,create_time,update_time,user_id FROM t_local_message WHERE (status = ? OR status = ?) LIMIT 100
09:32:20:243 DEBUG 19556 --- [scheduling-1] c.h.t.m.LocalMessageMapper.selectList    : ==> Parameters: 0(Integer), 2(Integer)
09:32:20:244 DEBUG 19556 --- [scheduling-1] c.h.t.m.LocalMessageMapper.selectList    : <==      Total: 0
09:32:30:247 DEBUG 19556 --- [scheduling-1] c.h.t.m.LocalMessageMapper.selectList    : ==>  Preparing: SELECT id,message_id,exchange,routing_key,message_body,status,try_count,create_time,update_time,user_id FROM t_local_message WHERE (status = ? OR status = ?) LIMIT 100
09:32:30:248 DEBUG 19556 --- [scheduling-1] c.h.t.m.LocalMessageMapper.selectList    : ==> Parameters: 0(Integer), 2(Integer)
09:32:30:248 DEBUG 19556 --- [scheduling-1] c.h.t.m.LocalMessageMapper.selectList    : <==      Total: 0
09:32:40:252 DEBUG 19556 --- [scheduling-1] c.h.t.m.LocalMessageMapper.selectList    : ==>  Preparing: SELECT id,message_id,exchange,routing_key,message_body,status,try_count,create_time,update_time,user_id FROM t_local_message WHERE (status = ? OR status = ?) LIMIT 100
09:32:40:253 DEBUG 19556 --- [scheduling-1] c.h.t.m.LocalMessageMapper.selectList    : ==> Parameters: 0(Integer), 2(Integer)
09:32:40:253 DEBUG 19556 --- [scheduling-1] c.h.t.m.LocalMessageMapper.selectList    : <==      Total: 0
09:32:50:255 DEBUG 19556 --- [scheduling-1] c.h.t.m.LocalMessageMapper.selectList    : ==>  Preparing: SELECT id,message_id,exchange,routing_key,message_body,status,try_count,create_time,update_time,user_id FROM t_local_message WHERE (status = ? OR status = ?) LIMIT 100
09:32:50:255 DEBUG 19556 --- [scheduling-1] c.h.t.m.LocalMessageMapper.selectList    : ==> Parameters: 0(Integer), 2(Integer)
09:32:50:256 DEBUG 19556 --- [scheduling-1] c.h.t.m.LocalMessageMapper.selectList    : <==      Total: 0
09:33:00:258 DEBUG 19556 --- [scheduling-1] c.h.t.m.LocalMessageMapper.selectList    : ==>  Preparing: SELECT id,message_id,exchange,routing_key,message_body,status,try_count,create_time,update_time,user_id FROM t_local_message WHERE (status = ? OR status = ?) LIMIT 100
09:33:00:258 DEBUG 19556 --- [scheduling-1] c.h.t.m.LocalMessageMapper.selectList    : ==> Parameters: 0(Integer), 2(Integer)
09:33:00:259 DEBUG 19556 --- [scheduling-1] c.h.t.m.LocalMessageMapper.selectList    : <==      Total: 0
09:33:10:261 DEBUG 19556 --- [scheduling-1] c.h.t.m.LocalMessageMapper.selectList    : ==>  Preparing: SELECT id,message_id,exchange,routing_key,message_body,status,try_count,create_time,update_time,user_id FROM t_local_message WHERE (status = ? OR status = ?) LIMIT 100
09:33:10:261 DEBUG 19556 --- [scheduling-1] c.h.t.m.LocalMessageMapper.selectList    : ==> Parameters: 0(Integer), 2(Integer)
09:33:10:262 DEBUG 19556 --- [scheduling-1] c.h.t.m.LocalMessageMapper.selectList    : <==      Total: 0
09:33:20:265 DEBUG 19556 --- [scheduling-1] c.h.t.m.LocalMessageMapper.selectList    : ==>  Preparing: SELECT id,message_id,exchange,routing_key,message_body,status,try_count,create_time,update_time,user_id FROM t_local_message WHERE (status = ? OR status = ?) LIMIT 100
09:33:20:265 DEBUG 19556 --- [scheduling-1] c.h.t.m.LocalMessageMapper.selectList    : ==> Parameters: 0(Integer), 2(Integer)
09:33:20:267 DEBUG 19556 --- [scheduling-1] c.h.t.m.LocalMessageMapper.selectList    : <==      Total: 0
09:33:30:271 DEBUG 19556 --- [scheduling-1] c.h.t.m.LocalMessageMapper.selectList    : ==>  Preparing: SELECT id,message_id,exchange,routing_key,message_body,status,try_count,create_time,update_time,user_id FROM t_local_message WHERE (status = ? OR status = ?) LIMIT 100
09:33:30:271 DEBUG 19556 --- [scheduling-1] c.h.t.m.LocalMessageMapper.selectList    : ==> Parameters: 0(Integer), 2(Integer)
09:33:30:272 DEBUG 19556 --- [scheduling-1] c.h.t.m.LocalMessageMapper.selectList    : <==      Total: 0
09:33:40:274 DEBUG 19556 --- [scheduling-1] c.h.t.m.LocalMessageMapper.selectList    : ==>  Preparing: SELECT id,message_id,exchange,routing_key,message_body,status,try_count,create_time,update_time,user_id FROM t_local_message WHERE (status = ? OR status = ?) LIMIT 100
09:33:40:274 DEBUG 19556 --- [scheduling-1] c.h.t.m.LocalMessageMapper.selectList    : ==> Parameters: 0(Integer), 2(Integer)
09:33:40:275 DEBUG 19556 --- [scheduling-1] c.h.t.m.LocalMessageMapper.selectList    : <==      Total: 0
09:33:50:279 DEBUG 19556 --- [scheduling-1] c.h.t.m.LocalMessageMapper.selectList    : ==>  Preparing: SELECT id,message_id,exchange,routing_key,message_body,status,try_count,create_time,update_time,user_id FROM t_local_message WHERE (status = ? OR status = ?) LIMIT 100
09:33:50:280 DEBUG 19556 --- [scheduling-1] c.h.t.m.LocalMessageMapper.selectList    : ==> Parameters: 0(Integer), 2(Integer)
09:33:50:281 DEBUG 19556 --- [scheduling-1] c.h.t.m.LocalMessageMapper.selectList    : <==      Total: 0
09:34:00:287 DEBUG 19556 --- [scheduling-1] c.h.t.m.LocalMessageMapper.selectList    : ==>  Preparing: SELECT id,message_id,exchange,routing_key,message_body,status,try_count,create_time,update_time,user_id FROM t_local_message WHERE (status = ? OR status = ?) LIMIT 100
09:34:00:287 DEBUG 19556 --- [scheduling-1] c.h.t.m.LocalMessageMapper.selectList    : ==> Parameters: 0(Integer), 2(Integer)
09:34:00:288 DEBUG 19556 --- [scheduling-1] c.h.t.m.LocalMessageMapper.selectList    : <==      Total: 0
09:34:10:292 DEBUG 19556 --- [scheduling-1] c.h.t.m.LocalMessageMapper.selectList    : ==>  Preparing: SELECT id,message_id,exchange,routing_key,message_body,status,try_count,create_time,update_time,user_id FROM t_local_message WHERE (status = ? OR status = ?) LIMIT 100
09:34:10:293 DEBUG 19556 --- [scheduling-1] c.h.t.m.LocalMessageMapper.selectList    : ==> Parameters: 0(Integer), 2(Integer)
09:34:10:293 DEBUG 19556 --- [scheduling-1] c.h.t.m.LocalMessageMapper.selectList    : <==      Total: 0
09:34:20:296 DEBUG 19556 --- [scheduling-1] c.h.t.m.LocalMessageMapper.selectList    : ==>  Preparing: SELECT id,message_id,exchange,routing_key,message_body,status,try_count,create_time,update_time,user_id FROM t_local_message WHERE (status = ? OR status = ?) LIMIT 100
09:34:20:297 DEBUG 19556 --- [scheduling-1] c.h.t.m.LocalMessageMapper.selectList    : ==> Parameters: 0(Integer), 2(Integer)
09:34:20:298 DEBUG 19556 --- [scheduling-1] c.h.t.m.LocalMessageMapper.selectList    : <==      Total: 0
09:34:30:311 DEBUG 19556 --- [scheduling-1] c.h.t.m.LocalMessageMapper.selectList    : ==>  Preparing: SELECT id,message_id,exchange,routing_key,message_body,status,try_count,create_time,update_time,user_id FROM t_local_message WHERE (status = ? OR status = ?) LIMIT 100
09:34:30:311 DEBUG 19556 --- [scheduling-1] c.h.t.m.LocalMessageMapper.selectList    : ==> Parameters: 0(Integer), 2(Integer)
09:34:30:312 DEBUG 19556 --- [scheduling-1] c.h.t.m.LocalMessageMapper.selectList    : <==      Total: 0
09:34:40:315 DEBUG 19556 --- [scheduling-1] c.h.t.m.LocalMessageMapper.selectList    : ==>  Preparing: SELECT id,message_id,exchange,routing_key,message_body,status,try_count,create_time,update_time,user_id FROM t_local_message WHERE (status = ? OR status = ?) LIMIT 100
09:34:40:315 DEBUG 19556 --- [scheduling-1] c.h.t.m.LocalMessageMapper.selectList    : ==> Parameters: 0(Integer), 2(Integer)
09:34:40:316 DEBUG 19556 --- [scheduling-1] c.h.t.m.LocalMessageMapper.selectList    : <==      Total: 0
09:34:50:329 DEBUG 19556 --- [scheduling-1] c.h.t.m.LocalMessageMapper.selectList    : ==>  Preparing: SELECT id,message_id,exchange,routing_key,message_body,status,try_count,create_time,update_time,user_id FROM t_local_message WHERE (status = ? OR status = ?) LIMIT 100
09:34:50:329 DEBUG 19556 --- [scheduling-1] c.h.t.m.LocalMessageMapper.selectList    : ==> Parameters: 0(Integer), 2(Integer)
09:34:50:330 DEBUG 19556 --- [scheduling-1] c.h.t.m.LocalMessageMapper.selectList    : <==      Total: 0
09:35:00:342 DEBUG 19556 --- [scheduling-1] c.h.t.m.LocalMessageMapper.selectList    : ==>  Preparing: SELECT id,message_id,exchange,routing_key,message_body,status,try_count,create_time,update_time,user_id FROM t_local_message WHERE (status = ? OR status = ?) LIMIT 100
09:35:00:343 DEBUG 19556 --- [scheduling-1] c.h.t.m.LocalMessageMapper.selectList    : ==> Parameters: 0(Integer), 2(Integer)
09:35:00:344 DEBUG 19556 --- [scheduling-1] c.h.t.m.LocalMessageMapper.selectList    : <==      Total: 0
09:35:10:346 DEBUG 19556 --- [scheduling-1] c.h.t.m.LocalMessageMapper.selectList    : ==>  Preparing: SELECT id,message_id,exchange,routing_key,message_body,status,try_count,create_time,update_time,user_id FROM t_local_message WHERE (status = ? OR status = ?) LIMIT 100
09:35:10:346 DEBUG 19556 --- [scheduling-1] c.h.t.m.LocalMessageMapper.selectList    : ==> Parameters: 0(Integer), 2(Integer)
09:35:10:347 DEBUG 19556 --- [scheduling-1] c.h.t.m.LocalMessageMapper.selectList    : <==      Total: 0
09:35:20:352 DEBUG 19556 --- [scheduling-1] c.h.t.m.LocalMessageMapper.selectList    : ==>  Preparing: SELECT id,message_id,exchange,routing_key,message_body,status,try_count,create_time,update_time,user_id FROM t_local_message WHERE (status = ? OR status = ?) LIMIT 100
09:35:20:352 DEBUG 19556 --- [scheduling-1] c.h.t.m.LocalMessageMapper.selectList    : ==> Parameters: 0(Integer), 2(Integer)
09:35:20:353 DEBUG 19556 --- [scheduling-1] c.h.t.m.LocalMessageMapper.selectList    : <==      Total: 0
09:35:30:356 DEBUG 19556 --- [scheduling-1] c.h.t.m.LocalMessageMapper.selectList    : ==>  Preparing: SELECT id,message_id,exchange,routing_key,message_body,status,try_count,create_time,update_time,user_id FROM t_local_message WHERE (status = ? OR status = ?) LIMIT 100
09:35:30:357 DEBUG 19556 --- [scheduling-1] c.h.t.m.LocalMessageMapper.selectList    : ==> Parameters: 0(Integer), 2(Integer)
09:35:30:358 DEBUG 19556 --- [scheduling-1] c.h.t.m.LocalMessageMapper.selectList    : <==      Total: 0
09:35:40:361 DEBUG 19556 --- [scheduling-1] c.h.t.m.LocalMessageMapper.selectList    : ==>  Preparing: SELECT id,message_id,exchange,routing_key,message_body,status,try_count,create_time,update_time,user_id FROM t_local_message WHERE (status = ? OR status = ?) LIMIT 100
09:35:40:361 DEBUG 19556 --- [scheduling-1] c.h.t.m.LocalMessageMapper.selectList    : ==> Parameters: 0(Integer), 2(Integer)
09:35:40:362 DEBUG 19556 --- [scheduling-1] c.h.t.m.LocalMessageMapper.selectList    : <==      Total: 0
09:35:50:363 DEBUG 19556 --- [scheduling-1] c.h.t.m.LocalMessageMapper.selectList    : ==>  Preparing: SELECT id,message_id,exchange,routing_key,message_body,status,try_count,create_time,update_time,user_id FROM t_local_message WHERE (status = ? OR status = ?) LIMIT 100
09:35:50:364 DEBUG 19556 --- [scheduling-1] c.h.t.m.LocalMessageMapper.selectList    : ==> Parameters: 0(Integer), 2(Integer)
09:35:50:365 DEBUG 19556 --- [scheduling-1] c.h.t.m.LocalMessageMapper.selectList    : <==      Total: 0
09:36:00:368 DEBUG 19556 --- [scheduling-1] c.h.t.m.LocalMessageMapper.selectList    : ==>  Preparing: SELECT id,message_id,exchange,routing_key,message_body,status,try_count,create_time,update_time,user_id FROM t_local_message WHERE (status = ? OR status = ?) LIMIT 100
09:36:00:368 DEBUG 19556 --- [scheduling-1] c.h.t.m.LocalMessageMapper.selectList    : ==> Parameters: 0(Integer), 2(Integer)
09:36:00:369 DEBUG 19556 --- [scheduling-1] c.h.t.m.LocalMessageMapper.selectList    : <==      Total: 0
09:36:10:371 DEBUG 19556 --- [scheduling-1] c.h.t.m.LocalMessageMapper.selectList    : ==>  Preparing: SELECT id,message_id,exchange,routing_key,message_body,status,try_count,create_time,update_time,user_id FROM t_local_message WHERE (status = ? OR status = ?) LIMIT 100
09:36:10:372 DEBUG 19556 --- [scheduling-1] c.h.t.m.LocalMessageMapper.selectList    : ==> Parameters: 0(Integer), 2(Integer)
09:36:10:372 DEBUG 19556 --- [scheduling-1] c.h.t.m.LocalMessageMapper.selectList    : <==      Total: 0
09:36:20:374 DEBUG 19556 --- [scheduling-1] c.h.t.m.LocalMessageMapper.selectList    : ==>  Preparing: SELECT id,message_id,exchange,routing_key,message_body,status,try_count,create_time,update_time,user_id FROM t_local_message WHERE (status = ? OR status = ?) LIMIT 100
09:36:20:374 DEBUG 19556 --- [scheduling-1] c.h.t.m.LocalMessageMapper.selectList    : ==> Parameters: 0(Integer), 2(Integer)
09:36:20:375 DEBUG 19556 --- [scheduling-1] c.h.t.m.LocalMessageMapper.selectList    : <==      Total: 0
09:36:30:379 DEBUG 19556 --- [scheduling-1] c.h.t.m.LocalMessageMapper.selectList    : ==>  Preparing: SELECT id,message_id,exchange,routing_key,message_body,status,try_count,create_time,update_time,user_id FROM t_local_message WHERE (status = ? OR status = ?) LIMIT 100
09:36:30:379 DEBUG 19556 --- [scheduling-1] c.h.t.m.LocalMessageMapper.selectList    : ==> Parameters: 0(Integer), 2(Integer)
09:36:30:380 DEBUG 19556 --- [scheduling-1] c.h.t.m.LocalMessageMapper.selectList    : <==      Total: 0
09:36:40:382 DEBUG 19556 --- [scheduling-1] c.h.t.m.LocalMessageMapper.selectList    : ==>  Preparing: SELECT id,message_id,exchange,routing_key,message_body,status,try_count,create_time,update_time,user_id FROM t_local_message WHERE (status = ? OR status = ?) LIMIT 100
09:36:40:382 DEBUG 19556 --- [scheduling-1] c.h.t.m.LocalMessageMapper.selectList    : ==> Parameters: 0(Integer), 2(Integer)
09:36:40:383 DEBUG 19556 --- [scheduling-1] c.h.t.m.LocalMessageMapper.selectList    : <==      Total: 0
09:36:50:386 DEBUG 19556 --- [scheduling-1] c.h.t.m.LocalMessageMapper.selectList    : ==>  Preparing: SELECT id,message_id,exchange,routing_key,message_body,status,try_count,create_time,update_time,user_id FROM t_local_message WHERE (status = ? OR status = ?) LIMIT 100
09:36:50:386 DEBUG 19556 --- [scheduling-1] c.h.t.m.LocalMessageMapper.selectList    : ==> Parameters: 0(Integer), 2(Integer)
09:36:50:387 DEBUG 19556 --- [scheduling-1] c.h.t.m.LocalMessageMapper.selectList    : <==      Total: 0
09:37:00:390 DEBUG 19556 --- [scheduling-1] c.h.t.m.LocalMessageMapper.selectList    : ==>  Preparing: SELECT id,message_id,exchange,routing_key,message_body,status,try_count,create_time,update_time,user_id FROM t_local_message WHERE (status = ? OR status = ?) LIMIT 100
09:37:00:390 DEBUG 19556 --- [scheduling-1] c.h.t.m.LocalMessageMapper.selectList    : ==> Parameters: 0(Integer), 2(Integer)
09:37:00:391 DEBUG 19556 --- [scheduling-1] c.h.t.m.LocalMessageMapper.selectList    : <==      Total: 0
09:37:10:393 DEBUG 19556 --- [scheduling-1] c.h.t.m.LocalMessageMapper.selectList    : ==>  Preparing: SELECT id,message_id,exchange,routing_key,message_body,status,try_count,create_time,update_time,user_id FROM t_local_message WHERE (status = ? OR status = ?) LIMIT 100
09:37:10:393 DEBUG 19556 --- [scheduling-1] c.h.t.m.LocalMessageMapper.selectList    : ==> Parameters: 0(Integer), 2(Integer)
09:37:10:394 DEBUG 19556 --- [scheduling-1] c.h.t.m.LocalMessageMapper.selectList    : <==      Total: 0
09:37:20:397 DEBUG 19556 --- [scheduling-1] c.h.t.m.LocalMessageMapper.selectList    : ==>  Preparing: SELECT id,message_id,exchange,routing_key,message_body,status,try_count,create_time,update_time,user_id FROM t_local_message WHERE (status = ? OR status = ?) LIMIT 100
09:37:20:397 DEBUG 19556 --- [scheduling-1] c.h.t.m.LocalMessageMapper.selectList    : ==> Parameters: 0(Integer), 2(Integer)
09:37:20:398 DEBUG 19556 --- [scheduling-1] c.h.t.m.LocalMessageMapper.selectList    : <==      Total: 0
09:37:30:401 DEBUG 19556 --- [scheduling-1] c.h.t.m.LocalMessageMapper.selectList    : ==>  Preparing: SELECT id,message_id,exchange,routing_key,message_body,status,try_count,create_time,update_time,user_id FROM t_local_message WHERE (status = ? OR status = ?) LIMIT 100
09:37:30:401 DEBUG 19556 --- [scheduling-1] c.h.t.m.LocalMessageMapper.selectList    : ==> Parameters: 0(Integer), 2(Integer)
09:37:30:402 DEBUG 19556 --- [scheduling-1] c.h.t.m.LocalMessageMapper.selectList    : <==      Total: 0
09:37:40:408 DEBUG 19556 --- [scheduling-1] c.h.t.m.LocalMessageMapper.selectList    : ==>  Preparing: SELECT id,message_id,exchange,routing_key,message_body,status,try_count,create_time,update_time,user_id FROM t_local_message WHERE (status = ? OR status = ?) LIMIT 100
09:37:40:409 DEBUG 19556 --- [scheduling-1] c.h.t.m.LocalMessageMapper.selectList    : ==> Parameters: 0(Integer), 2(Integer)
09:37:40:410 DEBUG 19556 --- [scheduling-1] c.h.t.m.LocalMessageMapper.selectList    : <==      Total: 0
09:37:50:412 DEBUG 19556 --- [scheduling-1] c.h.t.m.LocalMessageMapper.selectList    : ==>  Preparing: SELECT id,message_id,exchange,routing_key,message_body,status,try_count,create_time,update_time,user_id FROM t_local_message WHERE (status = ? OR status = ?) LIMIT 100
09:37:50:412 DEBUG 19556 --- [scheduling-1] c.h.t.m.LocalMessageMapper.selectList    : ==> Parameters: 0(Integer), 2(Integer)
09:37:50:413 DEBUG 19556 --- [scheduling-1] c.h.t.m.LocalMessageMapper.selectList    : <==      Total: 0
09:38:00:415 DEBUG 19556 --- [scheduling-1] c.h.t.m.LocalMessageMapper.selectList    : ==>  Preparing: SELECT id,message_id,exchange,routing_key,message_body,status,try_count,create_time,update_time,user_id FROM t_local_message WHERE (status = ? OR status = ?) LIMIT 100
09:38:00:415 DEBUG 19556 --- [scheduling-1] c.h.t.m.LocalMessageMapper.selectList    : ==> Parameters: 0(Integer), 2(Integer)
09:38:00:416 DEBUG 19556 --- [scheduling-1] c.h.t.m.LocalMessageMapper.selectList    : <==      Total: 0
09:38:10:418 DEBUG 19556 --- [scheduling-1] c.h.t.m.LocalMessageMapper.selectList    : ==>  Preparing: SELECT id,message_id,exchange,routing_key,message_body,status,try_count,create_time,update_time,user_id FROM t_local_message WHERE (status = ? OR status = ?) LIMIT 100
09:38:10:418 DEBUG 19556 --- [scheduling-1] c.h.t.m.LocalMessageMapper.selectList    : ==> Parameters: 0(Integer), 2(Integer)
09:38:10:419 DEBUG 19556 --- [scheduling-1] c.h.t.m.LocalMessageMapper.selectList    : <==      Total: 0
09:38:20:423 DEBUG 19556 --- [scheduling-1] c.h.t.m.LocalMessageMapper.selectList    : ==>  Preparing: SELECT id,message_id,exchange,routing_key,message_body,status,try_count,create_time,update_time,user_id FROM t_local_message WHERE (status = ? OR status = ?) LIMIT 100
09:38:20:423 DEBUG 19556 --- [scheduling-1] c.h.t.m.LocalMessageMapper.selectList    : ==> Parameters: 0(Integer), 2(Integer)
09:38:20:424 DEBUG 19556 --- [scheduling-1] c.h.t.m.LocalMessageMapper.selectList    : <==      Total: 0
09:38:30:426 DEBUG 19556 --- [scheduling-1] c.h.t.m.LocalMessageMapper.selectList    : ==>  Preparing: SELECT id,message_id,exchange,routing_key,message_body,status,try_count,create_time,update_time,user_id FROM t_local_message WHERE (status = ? OR status = ?) LIMIT 100
09:38:30:426 DEBUG 19556 --- [scheduling-1] c.h.t.m.LocalMessageMapper.selectList    : ==> Parameters: 0(Integer), 2(Integer)
09:38:30:427 DEBUG 19556 --- [scheduling-1] c.h.t.m.LocalMessageMapper.selectList    : <==      Total: 0
09:38:40:429 DEBUG 19556 --- [scheduling-1] c.h.t.m.LocalMessageMapper.selectList    : ==>  Preparing: SELECT id,message_id,exchange,routing_key,message_body,status,try_count,create_time,update_time,user_id FROM t_local_message WHERE (status = ? OR status = ?) LIMIT 100
09:38:40:429 DEBUG 19556 --- [scheduling-1] c.h.t.m.LocalMessageMapper.selectList    : ==> Parameters: 0(Integer), 2(Integer)
09:38:40:430 DEBUG 19556 --- [scheduling-1] c.h.t.m.LocalMessageMapper.selectList    : <==      Total: 0
09:38:50:433 DEBUG 19556 --- [scheduling-1] c.h.t.m.LocalMessageMapper.selectList    : ==>  Preparing: SELECT id,message_id,exchange,routing_key,message_body,status,try_count,create_time,update_time,user_id FROM t_local_message WHERE (status = ? OR status = ?) LIMIT 100
09:38:50:433 DEBUG 19556 --- [scheduling-1] c.h.t.m.LocalMessageMapper.selectList    : ==> Parameters: 0(Integer), 2(Integer)
09:38:50:434 DEBUG 19556 --- [scheduling-1] c.h.t.m.LocalMessageMapper.selectList    : <==      Total: 0
09:39:00:437 DEBUG 19556 --- [scheduling-1] c.h.t.m.LocalMessageMapper.selectList    : ==>  Preparing: SELECT id,message_id,exchange,routing_key,message_body,status,try_count,create_time,update_time,user_id FROM t_local_message WHERE (status = ? OR status = ?) LIMIT 100
09:39:00:437 DEBUG 19556 --- [scheduling-1] c.h.t.m.LocalMessageMapper.selectList    : ==> Parameters: 0(Integer), 2(Integer)
09:39:00:438 DEBUG 19556 --- [scheduling-1] c.h.t.m.LocalMessageMapper.selectList    : <==      Total: 0
09:39:10:443 DEBUG 19556 --- [scheduling-1] c.h.t.m.LocalMessageMapper.selectList    : ==>  Preparing: SELECT id,message_id,exchange,routing_key,message_body,status,try_count,create_time,update_time,user_id FROM t_local_message WHERE (status = ? OR status = ?) LIMIT 100
09:39:10:443 DEBUG 19556 --- [scheduling-1] c.h.t.m.LocalMessageMapper.selectList    : ==> Parameters: 0(Integer), 2(Integer)
09:39:10:445 DEBUG 19556 --- [scheduling-1] c.h.t.m.LocalMessageMapper.selectList    : <==      Total: 0
09:39:20:449 DEBUG 19556 --- [scheduling-1] c.h.t.m.LocalMessageMapper.selectList    : ==>  Preparing: SELECT id,message_id,exchange,routing_key,message_body,status,try_count,create_time,update_time,user_id FROM t_local_message WHERE (status = ? OR status = ?) LIMIT 100
09:39:20:450 DEBUG 19556 --- [scheduling-1] c.h.t.m.LocalMessageMapper.selectList    : ==> Parameters: 0(Integer), 2(Integer)
09:39:20:472 DEBUG 19556 --- [scheduling-1] c.h.t.m.LocalMessageMapper.selectList    : <==      Total: 0
09:39:30:475 DEBUG 19556 --- [scheduling-1] c.h.t.m.LocalMessageMapper.selectList    : ==>  Preparing: SELECT id,message_id,exchange,routing_key,message_body,status,try_count,create_time,update_time,user_id FROM t_local_message WHERE (status = ? OR status = ?) LIMIT 100
09:39:30:475 DEBUG 19556 --- [scheduling-1] c.h.t.m.LocalMessageMapper.selectList    : ==> Parameters: 0(Integer), 2(Integer)
09:39:30:476 DEBUG 19556 --- [scheduling-1] c.h.t.m.LocalMessageMapper.selectList    : <==      Total: 0
09:39:40:479 DEBUG 19556 --- [scheduling-1] c.h.t.m.LocalMessageMapper.selectList    : ==>  Preparing: SELECT id,message_id,exchange,routing_key,message_body,status,try_count,create_time,update_time,user_id FROM t_local_message WHERE (status = ? OR status = ?) LIMIT 100
09:39:40:479 DEBUG 19556 --- [scheduling-1] c.h.t.m.LocalMessageMapper.selectList    : ==> Parameters: 0(Integer), 2(Integer)
09:39:40:480 DEBUG 19556 --- [scheduling-1] c.h.t.m.LocalMessageMapper.selectList    : <==      Total: 0
09:39:50:492 DEBUG 19556 --- [scheduling-1] c.h.t.m.LocalMessageMapper.selectList    : ==>  Preparing: SELECT id,message_id,exchange,routing_key,message_body,status,try_count,create_time,update_time,user_id FROM t_local_message WHERE (status = ? OR status = ?) LIMIT 100
09:39:50:492 DEBUG 19556 --- [scheduling-1] c.h.t.m.LocalMessageMapper.selectList    : ==> Parameters: 0(Integer), 2(Integer)
09:39:50:493 DEBUG 19556 --- [scheduling-1] c.h.t.m.LocalMessageMapper.selectList    : <==      Total: 0
09:40:00:506 DEBUG 19556 --- [scheduling-1] c.h.t.m.LocalMessageMapper.selectList    : ==>  Preparing: SELECT id,message_id,exchange,routing_key,message_body,status,try_count,create_time,update_time,user_id FROM t_local_message WHERE (status = ? OR status = ?) LIMIT 100
09:40:00:506 DEBUG 19556 --- [scheduling-1] c.h.t.m.LocalMessageMapper.selectList    : ==> Parameters: 0(Integer), 2(Integer)
09:40:00:507 DEBUG 19556 --- [scheduling-1] c.h.t.m.LocalMessageMapper.selectList    : <==      Total: 0
09:40:10:519 DEBUG 19556 --- [scheduling-1] c.h.t.m.LocalMessageMapper.selectList    : ==>  Preparing: SELECT id,message_id,exchange,routing_key,message_body,status,try_count,create_time,update_time,user_id FROM t_local_message WHERE (status = ? OR status = ?) LIMIT 100
09:40:10:519 DEBUG 19556 --- [scheduling-1] c.h.t.m.LocalMessageMapper.selectList    : ==> Parameters: 0(Integer), 2(Integer)
09:40:10:520 DEBUG 19556 --- [scheduling-1] c.h.t.m.LocalMessageMapper.selectList    : <==      Total: 0
09:40:20:525 DEBUG 19556 --- [scheduling-1] c.h.t.m.LocalMessageMapper.selectList    : ==>  Preparing: SELECT id,message_id,exchange,routing_key,message_body,status,try_count,create_time,update_time,user_id FROM t_local_message WHERE (status = ? OR status = ?) LIMIT 100
09:40:20:525 DEBUG 19556 --- [scheduling-1] c.h.t.m.LocalMessageMapper.selectList    : ==> Parameters: 0(Integer), 2(Integer)
09:40:20:526 DEBUG 19556 --- [scheduling-1] c.h.t.m.LocalMessageMapper.selectList    : <==      Total: 0
09:40:30:534 DEBUG 19556 --- [scheduling-1] c.h.t.m.LocalMessageMapper.selectList    : ==>  Preparing: SELECT id,message_id,exchange,routing_key,message_body,status,try_count,create_time,update_time,user_id FROM t_local_message WHERE (status = ? OR status = ?) LIMIT 100
09:40:30:535 DEBUG 19556 --- [scheduling-1] c.h.t.m.LocalMessageMapper.selectList    : ==> Parameters: 0(Integer), 2(Integer)
09:40:30:535 DEBUG 19556 --- [scheduling-1] c.h.t.m.LocalMessageMapper.selectList    : <==      Total: 0
09:40:40:537 DEBUG 19556 --- [scheduling-1] c.h.t.m.LocalMessageMapper.selectList    : ==>  Preparing: SELECT id,message_id,exchange,routing_key,message_body,status,try_count,create_time,update_time,user_id FROM t_local_message WHERE (status = ? OR status = ?) LIMIT 100
09:40:40:537 DEBUG 19556 --- [scheduling-1] c.h.t.m.LocalMessageMapper.selectList    : ==> Parameters: 0(Integer), 2(Integer)
09:40:40:538 DEBUG 19556 --- [scheduling-1] c.h.t.m.LocalMessageMapper.selectList    : <==      Total: 0
09:40:50:548 DEBUG 19556 --- [scheduling-1] c.h.t.m.LocalMessageMapper.selectList    : ==>  Preparing: SELECT id,message_id,exchange,routing_key,message_body,status,try_count,create_time,update_time,user_id FROM t_local_message WHERE (status = ? OR status = ?) LIMIT 100
09:40:50:549 DEBUG 19556 --- [scheduling-1] c.h.t.m.LocalMessageMapper.selectList    : ==> Parameters: 0(Integer), 2(Integer)
09:40:50:549 DEBUG 19556 --- [scheduling-1] c.h.t.m.LocalMessageMapper.selectList    : <==      Total: 0
09:41:00:561 DEBUG 19556 --- [scheduling-1] c.h.t.m.LocalMessageMapper.selectList    : ==>  Preparing: SELECT id,message_id,exchange,routing_key,message_body,status,try_count,create_time,update_time,user_id FROM t_local_message WHERE (status = ? OR status = ?) LIMIT 100
09:41:00:561 DEBUG 19556 --- [scheduling-1] c.h.t.m.LocalMessageMapper.selectList    : ==> Parameters: 0(Integer), 2(Integer)
09:41:00:563 DEBUG 19556 --- [scheduling-1] c.h.t.m.LocalMessageMapper.selectList    : <==      Total: 0
09:41:10:565 DEBUG 19556 --- [scheduling-1] c.h.t.m.LocalMessageMapper.selectList    : ==>  Preparing: SELECT id,message_id,exchange,routing_key,message_body,status,try_count,create_time,update_time,user_id FROM t_local_message WHERE (status = ? OR status = ?) LIMIT 100
09:41:10:566 DEBUG 19556 --- [scheduling-1] c.h.t.m.LocalMessageMapper.selectList    : ==> Parameters: 0(Integer), 2(Integer)
09:41:10:566 DEBUG 19556 --- [scheduling-1] c.h.t.m.LocalMessageMapper.selectList    : <==      Total: 0
09:41:20:571 DEBUG 19556 --- [scheduling-1] c.h.t.m.LocalMessageMapper.selectList    : ==>  Preparing: SELECT id,message_id,exchange,routing_key,message_body,status,try_count,create_time,update_time,user_id FROM t_local_message WHERE (status = ? OR status = ?) LIMIT 100
09:41:20:571 DEBUG 19556 --- [scheduling-1] c.h.t.m.LocalMessageMapper.selectList    : ==> Parameters: 0(Integer), 2(Integer)
09:41:20:572 DEBUG 19556 --- [scheduling-1] c.h.t.m.LocalMessageMapper.selectList    : <==      Total: 0
09:41:30:583 DEBUG 19556 --- [scheduling-1] c.h.t.m.LocalMessageMapper.selectList    : ==>  Preparing: SELECT id,message_id,exchange,routing_key,message_body,status,try_count,create_time,update_time,user_id FROM t_local_message WHERE (status = ? OR status = ?) LIMIT 100
09:41:30:584 DEBUG 19556 --- [scheduling-1] c.h.t.m.LocalMessageMapper.selectList    : ==> Parameters: 0(Integer), 2(Integer)
09:41:30:588 DEBUG 19556 --- [scheduling-1] c.h.t.m.LocalMessageMapper.selectList    : <==      Total: 0
09:41:40:589 DEBUG 19556 --- [scheduling-1] c.h.t.m.LocalMessageMapper.selectList    : ==>  Preparing: SELECT id,message_id,exchange,routing_key,message_body,status,try_count,create_time,update_time,user_id FROM t_local_message WHERE (status = ? OR status = ?) LIMIT 100
09:41:40:590 DEBUG 19556 --- [scheduling-1] c.h.t.m.LocalMessageMapper.selectList    : ==> Parameters: 0(Integer), 2(Integer)
09:41:40:591 DEBUG 19556 --- [scheduling-1] c.h.t.m.LocalMessageMapper.selectList    : <==      Total: 0
09:41:50:593 DEBUG 19556 --- [scheduling-1] c.h.t.m.LocalMessageMapper.selectList    : ==>  Preparing: SELECT id,message_id,exchange,routing_key,message_body,status,try_count,create_time,update_time,user_id FROM t_local_message WHERE (status = ? OR status = ?) LIMIT 100
09:41:50:594 DEBUG 19556 --- [scheduling-1] c.h.t.m.LocalMessageMapper.selectList    : ==> Parameters: 0(Integer), 2(Integer)
09:41:50:594 DEBUG 19556 --- [scheduling-1] c.h.t.m.LocalMessageMapper.selectList    : <==      Total: 0
09:42:00:598 DEBUG 19556 --- [scheduling-1] c.h.t.m.LocalMessageMapper.selectList    : ==>  Preparing: SELECT id,message_id,exchange,routing_key,message_body,status,try_count,create_time,update_time,user_id FROM t_local_message WHERE (status = ? OR status = ?) LIMIT 100
09:42:00:598 DEBUG 19556 --- [scheduling-1] c.h.t.m.LocalMessageMapper.selectList    : ==> Parameters: 0(Integer), 2(Integer)
09:42:00:600 DEBUG 19556 --- [scheduling-1] c.h.t.m.LocalMessageMapper.selectList    : <==      Total: 0
09:42:10:604 DEBUG 19556 --- [scheduling-1] c.h.t.m.LocalMessageMapper.selectList    : ==>  Preparing: SELECT id,message_id,exchange,routing_key,message_body,status,try_count,create_time,update_time,user_id FROM t_local_message WHERE (status = ? OR status = ?) LIMIT 100
09:42:10:604 DEBUG 19556 --- [scheduling-1] c.h.t.m.LocalMessageMapper.selectList    : ==> Parameters: 0(Integer), 2(Integer)
09:42:10:605 DEBUG 19556 --- [scheduling-1] c.h.t.m.LocalMessageMapper.selectList    : <==      Total: 0
09:42:20:609 DEBUG 19556 --- [scheduling-1] c.h.t.m.LocalMessageMapper.selectList    : ==>  Preparing: SELECT id,message_id,exchange,routing_key,message_body,status,try_count,create_time,update_time,user_id FROM t_local_message WHERE (status = ? OR status = ?) LIMIT 100
09:42:20:609 DEBUG 19556 --- [scheduling-1] c.h.t.m.LocalMessageMapper.selectList    : ==> Parameters: 0(Integer), 2(Integer)
09:42:20:610 DEBUG 19556 --- [scheduling-1] c.h.t.m.LocalMessageMapper.selectList    : <==      Total: 0
09:42:30:612 DEBUG 19556 --- [scheduling-1] c.h.t.m.LocalMessageMapper.selectList    : ==>  Preparing: SELECT id,message_id,exchange,routing_key,message_body,status,try_count,create_time,update_time,user_id FROM t_local_message WHERE (status = ? OR status = ?) LIMIT 100
09:42:30:612 DEBUG 19556 --- [scheduling-1] c.h.t.m.LocalMessageMapper.selectList    : ==> Parameters: 0(Integer), 2(Integer)
09:42:30:613 DEBUG 19556 --- [scheduling-1] c.h.t.m.LocalMessageMapper.selectList    : <==      Total: 0
09:42:40:627 DEBUG 19556 --- [scheduling-1] c.h.t.m.LocalMessageMapper.selectList    : ==>  Preparing: SELECT id,message_id,exchange,routing_key,message_body,status,try_count,create_time,update_time,user_id FROM t_local_message WHERE (status = ? OR status = ?) LIMIT 100
09:42:40:628 DEBUG 19556 --- [scheduling-1] c.h.t.m.LocalMessageMapper.selectList    : ==> Parameters: 0(Integer), 2(Integer)
09:42:40:628 DEBUG 19556 --- [scheduling-1] c.h.t.m.LocalMessageMapper.selectList    : <==      Total: 0
09:42:50:631 DEBUG 19556 --- [scheduling-1] c.h.t.m.LocalMessageMapper.selectList    : ==>  Preparing: SELECT id,message_id,exchange,routing_key,message_body,status,try_count,create_time,update_time,user_id FROM t_local_message WHERE (status = ? OR status = ?) LIMIT 100
09:42:50:631 DEBUG 19556 --- [scheduling-1] c.h.t.m.LocalMessageMapper.selectList    : ==> Parameters: 0(Integer), 2(Integer)
09:42:50:632 DEBUG 19556 --- [scheduling-1] c.h.t.m.LocalMessageMapper.selectList    : <==      Total: 0
09:43:00:636 DEBUG 19556 --- [scheduling-1] c.h.t.m.LocalMessageMapper.selectList    : ==>  Preparing: SELECT id,message_id,exchange,routing_key,message_body,status,try_count,create_time,update_time,user_id FROM t_local_message WHERE (status = ? OR status = ?) LIMIT 100
09:43:00:637 DEBUG 19556 --- [scheduling-1] c.h.t.m.LocalMessageMapper.selectList    : ==> Parameters: 0(Integer), 2(Integer)
09:43:00:637 DEBUG 19556 --- [scheduling-1] c.h.t.m.LocalMessageMapper.selectList    : <==      Total: 0
09:43:10:660 DEBUG 19556 --- [scheduling-1] c.h.t.m.LocalMessageMapper.selectList    : ==>  Preparing: SELECT id,message_id,exchange,routing_key,message_body,status,try_count,create_time,update_time,user_id FROM t_local_message WHERE (status = ? OR status = ?) LIMIT 100
09:43:10:660 DEBUG 19556 --- [scheduling-1] c.h.t.m.LocalMessageMapper.selectList    : ==> Parameters: 0(Integer), 2(Integer)
09:43:10:661 DEBUG 19556 --- [scheduling-1] c.h.t.m.LocalMessageMapper.selectList    : <==      Total: 0
09:43:20:690 DEBUG 19556 --- [scheduling-1] c.h.t.m.LocalMessageMapper.selectList    : ==>  Preparing: SELECT id,message_id,exchange,routing_key,message_body,status,try_count,create_time,update_time,user_id FROM t_local_message WHERE (status = ? OR status = ?) LIMIT 100
09:43:20:690 DEBUG 19556 --- [scheduling-1] c.h.t.m.LocalMessageMapper.selectList    : ==> Parameters: 0(Integer), 2(Integer)
09:43:20:691 DEBUG 19556 --- [scheduling-1] c.h.t.m.LocalMessageMapper.selectList    : <==      Total: 0
09:43:30:700 DEBUG 19556 --- [scheduling-1] c.h.t.m.LocalMessageMapper.selectList    : ==>  Preparing: SELECT id,message_id,exchange,routing_key,message_body,status,try_count,create_time,update_time,user_id FROM t_local_message WHERE (status = ? OR status = ?) LIMIT 100
09:43:30:700 DEBUG 19556 --- [scheduling-1] c.h.t.m.LocalMessageMapper.selectList    : ==> Parameters: 0(Integer), 2(Integer)
09:43:30:701 DEBUG 19556 --- [scheduling-1] c.h.t.m.LocalMessageMapper.selectList    : <==      Total: 0
09:43:40:702 DEBUG 19556 --- [scheduling-1] c.h.t.m.LocalMessageMapper.selectList    : ==>  Preparing: SELECT id,message_id,exchange,routing_key,message_body,status,try_count,create_time,update_time,user_id FROM t_local_message WHERE (status = ? OR status = ?) LIMIT 100
09:43:40:702 DEBUG 19556 --- [scheduling-1] c.h.t.m.LocalMessageMapper.selectList    : ==> Parameters: 0(Integer), 2(Integer)
09:43:40:703 DEBUG 19556 --- [scheduling-1] c.h.t.m.LocalMessageMapper.selectList    : <==      Total: 0
09:43:50:724 DEBUG 19556 --- [scheduling-1] c.h.t.m.LocalMessageMapper.selectList    : ==>  Preparing: SELECT id,message_id,exchange,routing_key,message_body,status,try_count,create_time,update_time,user_id FROM t_local_message WHERE (status = ? OR status = ?) LIMIT 100
09:43:50:724 DEBUG 19556 --- [scheduling-1] c.h.t.m.LocalMessageMapper.selectList    : ==> Parameters: 0(Integer), 2(Integer)
09:43:50:726 DEBUG 19556 --- [scheduling-1] c.h.t.m.LocalMessageMapper.selectList    : <==      Total: 0
09:44:00:737 DEBUG 19556 --- [scheduling-1] c.h.t.m.LocalMessageMapper.selectList    : ==>  Preparing: SELECT id,message_id,exchange,routing_key,message_body,status,try_count,create_time,update_time,user_id FROM t_local_message WHERE (status = ? OR status = ?) LIMIT 100
09:44:00:737 DEBUG 19556 --- [scheduling-1] c.h.t.m.LocalMessageMapper.selectList    : ==> Parameters: 0(Integer), 2(Integer)
09:44:00:738 DEBUG 19556 --- [scheduling-1] c.h.t.m.LocalMessageMapper.selectList    : <==      Total: 0
09:44:10:741 DEBUG 19556 --- [scheduling-1] c.h.t.m.LocalMessageMapper.selectList    : ==>  Preparing: SELECT id,message_id,exchange,routing_key,message_body,status,try_count,create_time,update_time,user_id FROM t_local_message WHERE (status = ? OR status = ?) LIMIT 100
09:44:10:742 DEBUG 19556 --- [scheduling-1] c.h.t.m.LocalMessageMapper.selectList    : ==> Parameters: 0(Integer), 2(Integer)
09:44:10:743 DEBUG 19556 --- [scheduling-1] c.h.t.m.LocalMessageMapper.selectList    : <==      Total: 0
09:44:20:753 DEBUG 19556 --- [scheduling-1] c.h.t.m.LocalMessageMapper.selectList    : ==>  Preparing: SELECT id,message_id,exchange,routing_key,message_body,status,try_count,create_time,update_time,user_id FROM t_local_message WHERE (status = ? OR status = ?) LIMIT 100
09:44:20:753 DEBUG 19556 --- [scheduling-1] c.h.t.m.LocalMessageMapper.selectList    : ==> Parameters: 0(Integer), 2(Integer)
09:44:20:754 DEBUG 19556 --- [scheduling-1] c.h.t.m.LocalMessageMapper.selectList    : <==      Total: 0
09:44:30:757 DEBUG 19556 --- [scheduling-1] c.h.t.m.LocalMessageMapper.selectList    : ==>  Preparing: SELECT id,message_id,exchange,routing_key,message_body,status,try_count,create_time,update_time,user_id FROM t_local_message WHERE (status = ? OR status = ?) LIMIT 100
09:44:30:757 DEBUG 19556 --- [scheduling-1] c.h.t.m.LocalMessageMapper.selectList    : ==> Parameters: 0(Integer), 2(Integer)
09:44:30:758 DEBUG 19556 --- [scheduling-1] c.h.t.m.LocalMessageMapper.selectList    : <==      Total: 0
09:44:40:774 DEBUG 19556 --- [scheduling-1] c.h.t.m.LocalMessageMapper.selectList    : ==>  Preparing: SELECT id,message_id,exchange,routing_key,message_body,status,try_count,create_time,update_time,user_id FROM t_local_message WHERE (status = ? OR status = ?) LIMIT 100
09:44:40:775 DEBUG 19556 --- [scheduling-1] c.h.t.m.LocalMessageMapper.selectList    : ==> Parameters: 0(Integer), 2(Integer)
09:44:40:776 DEBUG 19556 --- [scheduling-1] c.h.t.m.LocalMessageMapper.selectList    : <==      Total: 0
09:44:50:790 DEBUG 19556 --- [scheduling-1] c.h.t.m.LocalMessageMapper.selectList    : ==>  Preparing: SELECT id,message_id,exchange,routing_key,message_body,status,try_count,create_time,update_time,user_id FROM t_local_message WHERE (status = ? OR status = ?) LIMIT 100
09:44:50:791 DEBUG 19556 --- [scheduling-1] c.h.t.m.LocalMessageMapper.selectList    : ==> Parameters: 0(Integer), 2(Integer)
09:44:50:792 DEBUG 19556 --- [scheduling-1] c.h.t.m.LocalMessageMapper.selectList    : <==      Total: 0
09:45:00:805 DEBUG 19556 --- [scheduling-1] c.h.t.m.LocalMessageMapper.selectList    : ==>  Preparing: SELECT id,message_id,exchange,routing_key,message_body,status,try_count,create_time,update_time,user_id FROM t_local_message WHERE (status = ? OR status = ?) LIMIT 100
09:45:00:805 DEBUG 19556 --- [scheduling-1] c.h.t.m.LocalMessageMapper.selectList    : ==> Parameters: 0(Integer), 2(Integer)
09:45:00:806 DEBUG 19556 --- [scheduling-1] c.h.t.m.LocalMessageMapper.selectList    : <==      Total: 0
09:45:10:809 DEBUG 19556 --- [scheduling-1] c.h.t.m.LocalMessageMapper.selectList    : ==>  Preparing: SELECT id,message_id,exchange,routing_key,message_body,status,try_count,create_time,update_time,user_id FROM t_local_message WHERE (status = ? OR status = ?) LIMIT 100
09:45:10:809 DEBUG 19556 --- [scheduling-1] c.h.t.m.LocalMessageMapper.selectList    : ==> Parameters: 0(Integer), 2(Integer)
09:45:10:810 DEBUG 19556 --- [scheduling-1] c.h.t.m.LocalMessageMapper.selectList    : <==      Total: 0
09:45:20:822 DEBUG 19556 --- [scheduling-1] c.h.t.m.LocalMessageMapper.selectList    : ==>  Preparing: SELECT id,message_id,exchange,routing_key,message_body,status,try_count,create_time,update_time,user_id FROM t_local_message WHERE (status = ? OR status = ?) LIMIT 100
09:45:20:822 DEBUG 19556 --- [scheduling-1] c.h.t.m.LocalMessageMapper.selectList    : ==> Parameters: 0(Integer), 2(Integer)
09:45:20:823 DEBUG 19556 --- [scheduling-1] c.h.t.m.LocalMessageMapper.selectList    : <==      Total: 0
09:45:30:826 DEBUG 19556 --- [scheduling-1] c.h.t.m.LocalMessageMapper.selectList    : ==>  Preparing: SELECT id,message_id,exchange,routing_key,message_body,status,try_count,create_time,update_time,user_id FROM t_local_message WHERE (status = ? OR status = ?) LIMIT 100
09:45:30:826 DEBUG 19556 --- [scheduling-1] c.h.t.m.LocalMessageMapper.selectList    : ==> Parameters: 0(Integer), 2(Integer)
09:45:30:827 DEBUG 19556 --- [scheduling-1] c.h.t.m.LocalMessageMapper.selectList    : <==      Total: 0
09:45:40:830 DEBUG 19556 --- [scheduling-1] c.h.t.m.LocalMessageMapper.selectList    : ==>  Preparing: SELECT id,message_id,exchange,routing_key,message_body,status,try_count,create_time,update_time,user_id FROM t_local_message WHERE (status = ? OR status = ?) LIMIT 100
09:45:40:830 DEBUG 19556 --- [scheduling-1] c.h.t.m.LocalMessageMapper.selectList    : ==> Parameters: 0(Integer), 2(Integer)
09:45:40:831 DEBUG 19556 --- [scheduling-1] c.h.t.m.LocalMessageMapper.selectList    : <==      Total: 0
09:45:50:833 DEBUG 19556 --- [scheduling-1] c.h.t.m.LocalMessageMapper.selectList    : ==>  Preparing: SELECT id,message_id,exchange,routing_key,message_body,status,try_count,create_time,update_time,user_id FROM t_local_message WHERE (status = ? OR status = ?) LIMIT 100
09:45:50:834 DEBUG 19556 --- [scheduling-1] c.h.t.m.LocalMessageMapper.selectList    : ==> Parameters: 0(Integer), 2(Integer)
09:45:50:834 DEBUG 19556 --- [scheduling-1] c.h.t.m.LocalMessageMapper.selectList    : <==      Total: 0
09:46:00:838 DEBUG 19556 --- [scheduling-1] c.h.t.m.LocalMessageMapper.selectList    : ==>  Preparing: SELECT id,message_id,exchange,routing_key,message_body,status,try_count,create_time,update_time,user_id FROM t_local_message WHERE (status = ? OR status = ?) LIMIT 100
09:46:00:838 DEBUG 19556 --- [scheduling-1] c.h.t.m.LocalMessageMapper.selectList    : ==> Parameters: 0(Integer), 2(Integer)
09:46:00:839 DEBUG 19556 --- [scheduling-1] c.h.t.m.LocalMessageMapper.selectList    : <==      Total: 0
09:46:10:842 DEBUG 19556 --- [scheduling-1] c.h.t.m.LocalMessageMapper.selectList    : ==>  Preparing: SELECT id,message_id,exchange,routing_key,message_body,status,try_count,create_time,update_time,user_id FROM t_local_message WHERE (status = ? OR status = ?) LIMIT 100
09:46:10:842 DEBUG 19556 --- [scheduling-1] c.h.t.m.LocalMessageMapper.selectList    : ==> Parameters: 0(Integer), 2(Integer)
09:46:10:843 DEBUG 19556 --- [scheduling-1] c.h.t.m.LocalMessageMapper.selectList    : <==      Total: 0
09:46:20:846 DEBUG 19556 --- [scheduling-1] c.h.t.m.LocalMessageMapper.selectList    : ==>  Preparing: SELECT id,message_id,exchange,routing_key,message_body,status,try_count,create_time,update_time,user_id FROM t_local_message WHERE (status = ? OR status = ?) LIMIT 100
09:46:20:846 DEBUG 19556 --- [scheduling-1] c.h.t.m.LocalMessageMapper.selectList    : ==> Parameters: 0(Integer), 2(Integer)
09:46:20:847 DEBUG 19556 --- [scheduling-1] c.h.t.m.LocalMessageMapper.selectList    : <==      Total: 0
09:46:30:849 DEBUG 19556 --- [scheduling-1] c.h.t.m.LocalMessageMapper.selectList    : ==>  Preparing: SELECT id,message_id,exchange,routing_key,message_body,status,try_count,create_time,update_time,user_id FROM t_local_message WHERE (status = ? OR status = ?) LIMIT 100
09:46:30:849 DEBUG 19556 --- [scheduling-1] c.h.t.m.LocalMessageMapper.selectList    : ==> Parameters: 0(Integer), 2(Integer)
09:46:30:850 DEBUG 19556 --- [scheduling-1] c.h.t.m.LocalMessageMapper.selectList    : <==      Total: 0
09:46:40:864 DEBUG 19556 --- [scheduling-1] c.h.t.m.LocalMessageMapper.selectList    : ==>  Preparing: SELECT id,message_id,exchange,routing_key,message_body,status,try_count,create_time,update_time,user_id FROM t_local_message WHERE (status = ? OR status = ?) LIMIT 100
09:46:40:864 DEBUG 19556 --- [scheduling-1] c.h.t.m.LocalMessageMapper.selectList    : ==> Parameters: 0(Integer), 2(Integer)
09:46:40:865 DEBUG 19556 --- [scheduling-1] c.h.t.m.LocalMessageMapper.selectList    : <==      Total: 0
09:46:50:868 DEBUG 19556 --- [scheduling-1] c.h.t.m.LocalMessageMapper.selectList    : ==>  Preparing: SELECT id,message_id,exchange,routing_key,message_body,status,try_count,create_time,update_time,user_id FROM t_local_message WHERE (status = ? OR status = ?) LIMIT 100
09:46:50:868 DEBUG 19556 --- [scheduling-1] c.h.t.m.LocalMessageMapper.selectList    : ==> Parameters: 0(Integer), 2(Integer)
09:46:50:869 DEBUG 19556 --- [scheduling-1] c.h.t.m.LocalMessageMapper.selectList    : <==      Total: 0
09:47:00:899 DEBUG 19556 --- [scheduling-1] c.h.t.m.LocalMessageMapper.selectList    : ==>  Preparing: SELECT id,message_id,exchange,routing_key,message_body,status,try_count,create_time,update_time,user_id FROM t_local_message WHERE (status = ? OR status = ?) LIMIT 100
09:47:00:900 DEBUG 19556 --- [scheduling-1] c.h.t.m.LocalMessageMapper.selectList    : ==> Parameters: 0(Integer), 2(Integer)
09:47:00:900 DEBUG 19556 --- [scheduling-1] c.h.t.m.LocalMessageMapper.selectList    : <==      Total: 0
09:47:10:903 DEBUG 19556 --- [scheduling-1] c.h.t.m.LocalMessageMapper.selectList    : ==>  Preparing: SELECT id,message_id,exchange,routing_key,message_body,status,try_count,create_time,update_time,user_id FROM t_local_message WHERE (status = ? OR status = ?) LIMIT 100
09:47:10:903 DEBUG 19556 --- [scheduling-1] c.h.t.m.LocalMessageMapper.selectList    : ==> Parameters: 0(Integer), 2(Integer)
09:47:10:904 DEBUG 19556 --- [scheduling-1] c.h.t.m.LocalMessageMapper.selectList    : <==      Total: 0
09:47:20:905 DEBUG 19556 --- [scheduling-1] c.h.t.m.LocalMessageMapper.selectList    : ==>  Preparing: SELECT id,message_id,exchange,routing_key,message_body,status,try_count,create_time,update_time,user_id FROM t_local_message WHERE (status = ? OR status = ?) LIMIT 100
09:47:20:905 DEBUG 19556 --- [scheduling-1] c.h.t.m.LocalMessageMapper.selectList    : ==> Parameters: 0(Integer), 2(Integer)
09:47:20:906 DEBUG 19556 --- [scheduling-1] c.h.t.m.LocalMessageMapper.selectList    : <==      Total: 0
09:47:30:923 DEBUG 19556 --- [scheduling-1] c.h.t.m.LocalMessageMapper.selectList    : ==>  Preparing: SELECT id,message_id,exchange,routing_key,message_body,status,try_count,create_time,update_time,user_id FROM t_local_message WHERE (status = ? OR status = ?) LIMIT 100
09:47:30:924 DEBUG 19556 --- [scheduling-1] c.h.t.m.LocalMessageMapper.selectList    : ==> Parameters: 0(Integer), 2(Integer)
09:47:30:926 DEBUG 19556 --- [scheduling-1] c.h.t.m.LocalMessageMapper.selectList    : <==      Total: 0
09:47:40:930 DEBUG 19556 --- [scheduling-1] c.h.t.m.LocalMessageMapper.selectList    : ==>  Preparing: SELECT id,message_id,exchange,routing_key,message_body,status,try_count,create_time,update_time,user_id FROM t_local_message WHERE (status = ? OR status = ?) LIMIT 100
09:47:40:930 DEBUG 19556 --- [scheduling-1] c.h.t.m.LocalMessageMapper.selectList    : ==> Parameters: 0(Integer), 2(Integer)
09:47:40:930 DEBUG 19556 --- [scheduling-1] c.h.t.m.LocalMessageMapper.selectList    : <==      Total: 0
09:47:50:946 DEBUG 19556 --- [scheduling-1] c.h.t.m.LocalMessageMapper.selectList    : ==>  Preparing: SELECT id,message_id,exchange,routing_key,message_body,status,try_count,create_time,update_time,user_id FROM t_local_message WHERE (status = ? OR status = ?) LIMIT 100
09:47:50:946 DEBUG 19556 --- [scheduling-1] c.h.t.m.LocalMessageMapper.selectList    : ==> Parameters: 0(Integer), 2(Integer)
09:47:50:947 DEBUG 19556 --- [scheduling-1] c.h.t.m.LocalMessageMapper.selectList    : <==      Total: 0
09:48:00:950 DEBUG 19556 --- [scheduling-1] c.h.t.m.LocalMessageMapper.selectList    : ==>  Preparing: SELECT id,message_id,exchange,routing_key,message_body,status,try_count,create_time,update_time,user_id FROM t_local_message WHERE (status = ? OR status = ?) LIMIT 100
09:48:00:950 DEBUG 19556 --- [scheduling-1] c.h.t.m.LocalMessageMapper.selectList    : ==> Parameters: 0(Integer), 2(Integer)
09:48:00:951 DEBUG 19556 --- [scheduling-1] c.h.t.m.LocalMessageMapper.selectList    : <==      Total: 0
09:48:10:953 DEBUG 19556 --- [scheduling-1] c.h.t.m.LocalMessageMapper.selectList    : ==>  Preparing: SELECT id,message_id,exchange,routing_key,message_body,status,try_count,create_time,update_time,user_id FROM t_local_message WHERE (status = ? OR status = ?) LIMIT 100
09:48:10:953 DEBUG 19556 --- [scheduling-1] c.h.t.m.LocalMessageMapper.selectList    : ==> Parameters: 0(Integer), 2(Integer)
09:48:10:954 DEBUG 19556 --- [scheduling-1] c.h.t.m.LocalMessageMapper.selectList    : <==      Total: 0
09:48:20:956 DEBUG 19556 --- [scheduling-1] c.h.t.m.LocalMessageMapper.selectList    : ==>  Preparing: SELECT id,message_id,exchange,routing_key,message_body,status,try_count,create_time,update_time,user_id FROM t_local_message WHERE (status = ? OR status = ?) LIMIT 100
09:48:20:956 DEBUG 19556 --- [scheduling-1] c.h.t.m.LocalMessageMapper.selectList    : ==> Parameters: 0(Integer), 2(Integer)
09:48:20:957 DEBUG 19556 --- [scheduling-1] c.h.t.m.LocalMessageMapper.selectList    : <==      Total: 0
09:48:30:960 DEBUG 19556 --- [scheduling-1] c.h.t.m.LocalMessageMapper.selectList    : ==>  Preparing: SELECT id,message_id,exchange,routing_key,message_body,status,try_count,create_time,update_time,user_id FROM t_local_message WHERE (status = ? OR status = ?) LIMIT 100
09:48:30:960 DEBUG 19556 --- [scheduling-1] c.h.t.m.LocalMessageMapper.selectList    : ==> Parameters: 0(Integer), 2(Integer)
09:48:30:961 DEBUG 19556 --- [scheduling-1] c.h.t.m.LocalMessageMapper.selectList    : <==      Total: 0
09:48:40:965 DEBUG 19556 --- [scheduling-1] c.h.t.m.LocalMessageMapper.selectList    : ==>  Preparing: SELECT id,message_id,exchange,routing_key,message_body,status,try_count,create_time,update_time,user_id FROM t_local_message WHERE (status = ? OR status = ?) LIMIT 100
09:48:40:965 DEBUG 19556 --- [scheduling-1] c.h.t.m.LocalMessageMapper.selectList    : ==> Parameters: 0(Integer), 2(Integer)
09:48:40:966 DEBUG 19556 --- [scheduling-1] c.h.t.m.LocalMessageMapper.selectList    : <==      Total: 0
09:48:50:968 DEBUG 19556 --- [scheduling-1] c.h.t.m.LocalMessageMapper.selectList    : ==>  Preparing: SELECT id,message_id,exchange,routing_key,message_body,status,try_count,create_time,update_time,user_id FROM t_local_message WHERE (status = ? OR status = ?) LIMIT 100
09:48:50:968 DEBUG 19556 --- [scheduling-1] c.h.t.m.LocalMessageMapper.selectList    : ==> Parameters: 0(Integer), 2(Integer)
09:48:50:969 DEBUG 19556 --- [scheduling-1] c.h.t.m.LocalMessageMapper.selectList    : <==      Total: 0
09:49:00:972 DEBUG 19556 --- [scheduling-1] c.h.t.m.LocalMessageMapper.selectList    : ==>  Preparing: SELECT id,message_id,exchange,routing_key,message_body,status,try_count,create_time,update_time,user_id FROM t_local_message WHERE (status = ? OR status = ?) LIMIT 100
09:49:00:972 DEBUG 19556 --- [scheduling-1] c.h.t.m.LocalMessageMapper.selectList    : ==> Parameters: 0(Integer), 2(Integer)
09:49:00:972 DEBUG 19556 --- [scheduling-1] c.h.t.m.LocalMessageMapper.selectList    : <==      Total: 0
09:49:10:975 DEBUG 19556 --- [scheduling-1] c.h.t.m.LocalMessageMapper.selectList    : ==>  Preparing: SELECT id,message_id,exchange,routing_key,message_body,status,try_count,create_time,update_time,user_id FROM t_local_message WHERE (status = ? OR status = ?) LIMIT 100
09:49:10:975 DEBUG 19556 --- [scheduling-1] c.h.t.m.LocalMessageMapper.selectList    : ==> Parameters: 0(Integer), 2(Integer)
09:49:10:976 DEBUG 19556 --- [scheduling-1] c.h.t.m.LocalMessageMapper.selectList    : <==      Total: 0
09:49:20:979 DEBUG 19556 --- [scheduling-1] c.h.t.m.LocalMessageMapper.selectList    : ==>  Preparing: SELECT id,message_id,exchange,routing_key,message_body,status,try_count,create_time,update_time,user_id FROM t_local_message WHERE (status = ? OR status = ?) LIMIT 100
09:49:20:979 DEBUG 19556 --- [scheduling-1] c.h.t.m.LocalMessageMapper.selectList    : ==> Parameters: 0(Integer), 2(Integer)
09:49:20:979 DEBUG 19556 --- [scheduling-1] c.h.t.m.LocalMessageMapper.selectList    : <==      Total: 0
09:49:30:982 DEBUG 19556 --- [scheduling-1] c.h.t.m.LocalMessageMapper.selectList    : ==>  Preparing: SELECT id,message_id,exchange,routing_key,message_body,status,try_count,create_time,update_time,user_id FROM t_local_message WHERE (status = ? OR status = ?) LIMIT 100
09:49:30:982 DEBUG 19556 --- [scheduling-1] c.h.t.m.LocalMessageMapper.selectList    : ==> Parameters: 0(Integer), 2(Integer)
09:49:30:983 DEBUG 19556 --- [scheduling-1] c.h.t.m.LocalMessageMapper.selectList    : <==      Total: 0
09:49:40:986 DEBUG 19556 --- [scheduling-1] c.h.t.m.LocalMessageMapper.selectList    : ==>  Preparing: SELECT id,message_id,exchange,routing_key,message_body,status,try_count,create_time,update_time,user_id FROM t_local_message WHERE (status = ? OR status = ?) LIMIT 100
09:49:40:986 DEBUG 19556 --- [scheduling-1] c.h.t.m.LocalMessageMapper.selectList    : ==> Parameters: 0(Integer), 2(Integer)
09:49:40:986 DEBUG 19556 --- [scheduling-1] c.h.t.m.LocalMessageMapper.selectList    : <==      Total: 0
09:49:50:998 DEBUG 19556 --- [scheduling-1] c.h.t.m.LocalMessageMapper.selectList    : ==>  Preparing: SELECT id,message_id,exchange,routing_key,message_body,status,try_count,create_time,update_time,user_id FROM t_local_message WHERE (status = ? OR status = ?) LIMIT 100
09:49:50:999 DEBUG 19556 --- [scheduling-1] c.h.t.m.LocalMessageMapper.selectList    : ==> Parameters: 0(Integer), 2(Integer)
09:49:50:999 DEBUG 19556 --- [scheduling-1] c.h.t.m.LocalMessageMapper.selectList    : <==      Total: 0
09:50:01:004 DEBUG 19556 --- [scheduling-1] c.h.t.m.LocalMessageMapper.selectList    : ==>  Preparing: SELECT id,message_id,exchange,routing_key,message_body,status,try_count,create_time,update_time,user_id FROM t_local_message WHERE (status = ? OR status = ?) LIMIT 100
09:50:01:004 DEBUG 19556 --- [scheduling-1] c.h.t.m.LocalMessageMapper.selectList    : ==> Parameters: 0(Integer), 2(Integer)
09:50:01:004 DEBUG 19556 --- [scheduling-1] c.h.t.m.LocalMessageMapper.selectList    : <==      Total: 0
09:50:11:007 DEBUG 19556 --- [scheduling-1] c.h.t.m.LocalMessageMapper.selectList    : ==>  Preparing: SELECT id,message_id,exchange,routing_key,message_body,status,try_count,create_time,update_time,user_id FROM t_local_message WHERE (status = ? OR status = ?) LIMIT 100
09:50:11:007 DEBUG 19556 --- [scheduling-1] c.h.t.m.LocalMessageMapper.selectList    : ==> Parameters: 0(Integer), 2(Integer)
09:50:11:008 DEBUG 19556 --- [scheduling-1] c.h.t.m.LocalMessageMapper.selectList    : <==      Total: 0
09:50:21:010 DEBUG 19556 --- [scheduling-1] c.h.t.m.LocalMessageMapper.selectList    : ==>  Preparing: SELECT id,message_id,exchange,routing_key,message_body,status,try_count,create_time,update_time,user_id FROM t_local_message WHERE (status = ? OR status = ?) LIMIT 100
09:50:21:010 DEBUG 19556 --- [scheduling-1] c.h.t.m.LocalMessageMapper.selectList    : ==> Parameters: 0(Integer), 2(Integer)
09:50:21:011 DEBUG 19556 --- [scheduling-1] c.h.t.m.LocalMessageMapper.selectList    : <==      Total: 0
09:50:31:020 DEBUG 19556 --- [scheduling-1] c.h.t.m.LocalMessageMapper.selectList    : ==>  Preparing: SELECT id,message_id,exchange,routing_key,message_body,status,try_count,create_time,update_time,user_id FROM t_local_message WHERE (status = ? OR status = ?) LIMIT 100
09:50:31:020 DEBUG 19556 --- [scheduling-1] c.h.t.m.LocalMessageMapper.selectList    : ==> Parameters: 0(Integer), 2(Integer)
09:50:31:021 DEBUG 19556 --- [scheduling-1] c.h.t.m.LocalMessageMapper.selectList    : <==      Total: 0
09:50:41:024 DEBUG 19556 --- [scheduling-1] c.h.t.m.LocalMessageMapper.selectList    : ==>  Preparing: SELECT id,message_id,exchange,routing_key,message_body,status,try_count,create_time,update_time,user_id FROM t_local_message WHERE (status = ? OR status = ?) LIMIT 100
09:50:41:024 DEBUG 19556 --- [scheduling-1] c.h.t.m.LocalMessageMapper.selectList    : ==> Parameters: 0(Integer), 2(Integer)
09:50:41:024 DEBUG 19556 --- [scheduling-1] c.h.t.m.LocalMessageMapper.selectList    : <==      Total: 0
09:50:51:034 DEBUG 19556 --- [scheduling-1] c.h.t.m.LocalMessageMapper.selectList    : ==>  Preparing: SELECT id,message_id,exchange,routing_key,message_body,status,try_count,create_time,update_time,user_id FROM t_local_message WHERE (status = ? OR status = ?) LIMIT 100
09:50:51:034 DEBUG 19556 --- [scheduling-1] c.h.t.m.LocalMessageMapper.selectList    : ==> Parameters: 0(Integer), 2(Integer)
09:50:51:035 DEBUG 19556 --- [scheduling-1] c.h.t.m.LocalMessageMapper.selectList    : <==      Total: 0
09:51:01:047 DEBUG 19556 --- [scheduling-1] c.h.t.m.LocalMessageMapper.selectList    : ==>  Preparing: SELECT id,message_id,exchange,routing_key,message_body,status,try_count,create_time,update_time,user_id FROM t_local_message WHERE (status = ? OR status = ?) LIMIT 100
09:51:01:047 DEBUG 19556 --- [scheduling-1] c.h.t.m.LocalMessageMapper.selectList    : ==> Parameters: 0(Integer), 2(Integer)
09:51:01:048 DEBUG 19556 --- [scheduling-1] c.h.t.m.LocalMessageMapper.selectList    : <==      Total: 0
09:51:11:051 DEBUG 19556 --- [scheduling-1] c.h.t.m.LocalMessageMapper.selectList    : ==>  Preparing: SELECT id,message_id,exchange,routing_key,message_body,status,try_count,create_time,update_time,user_id FROM t_local_message WHERE (status = ? OR status = ?) LIMIT 100
09:51:11:051 DEBUG 19556 --- [scheduling-1] c.h.t.m.LocalMessageMapper.selectList    : ==> Parameters: 0(Integer), 2(Integer)
09:51:11:052 DEBUG 19556 --- [scheduling-1] c.h.t.m.LocalMessageMapper.selectList    : <==      Total: 0
09:51:21:070 DEBUG 19556 --- [scheduling-1] c.h.t.m.LocalMessageMapper.selectList    : ==>  Preparing: SELECT id,message_id,exchange,routing_key,message_body,status,try_count,create_time,update_time,user_id FROM t_local_message WHERE (status = ? OR status = ?) LIMIT 100
09:51:21:071 DEBUG 19556 --- [scheduling-1] c.h.t.m.LocalMessageMapper.selectList    : ==> Parameters: 0(Integer), 2(Integer)
09:51:21:071 DEBUG 19556 --- [scheduling-1] c.h.t.m.LocalMessageMapper.selectList    : <==      Total: 0
09:51:31:074 DEBUG 19556 --- [scheduling-1] c.h.t.m.LocalMessageMapper.selectList    : ==>  Preparing: SELECT id,message_id,exchange,routing_key,message_body,status,try_count,create_time,update_time,user_id FROM t_local_message WHERE (status = ? OR status = ?) LIMIT 100
09:51:31:074 DEBUG 19556 --- [scheduling-1] c.h.t.m.LocalMessageMapper.selectList    : ==> Parameters: 0(Integer), 2(Integer)
09:51:31:075 DEBUG 19556 --- [scheduling-1] c.h.t.m.LocalMessageMapper.selectList    : <==      Total: 0
09:51:41:084 DEBUG 19556 --- [scheduling-1] c.h.t.m.LocalMessageMapper.selectList    : ==>  Preparing: SELECT id,message_id,exchange,routing_key,message_body,status,try_count,create_time,update_time,user_id FROM t_local_message WHERE (status = ? OR status = ?) LIMIT 100
09:51:41:084 DEBUG 19556 --- [scheduling-1] c.h.t.m.LocalMessageMapper.selectList    : ==> Parameters: 0(Integer), 2(Integer)
09:51:41:085 DEBUG 19556 --- [scheduling-1] c.h.t.m.LocalMessageMapper.selectList    : <==      Total: 0
09:51:51:088 DEBUG 19556 --- [scheduling-1] c.h.t.m.LocalMessageMapper.selectList    : ==>  Preparing: SELECT id,message_id,exchange,routing_key,message_body,status,try_count,create_time,update_time,user_id FROM t_local_message WHERE (status = ? OR status = ?) LIMIT 100
09:51:51:088 DEBUG 19556 --- [scheduling-1] c.h.t.m.LocalMessageMapper.selectList    : ==> Parameters: 0(Integer), 2(Integer)
09:51:51:089 DEBUG 19556 --- [scheduling-1] c.h.t.m.LocalMessageMapper.selectList    : <==      Total: 0
09:52:01:103 DEBUG 19556 --- [scheduling-1] c.h.t.m.LocalMessageMapper.selectList    : ==>  Preparing: SELECT id,message_id,exchange,routing_key,message_body,status,try_count,create_time,update_time,user_id FROM t_local_message WHERE (status = ? OR status = ?) LIMIT 100
09:52:01:104 DEBUG 19556 --- [scheduling-1] c.h.t.m.LocalMessageMapper.selectList    : ==> Parameters: 0(Integer), 2(Integer)
09:52:01:105 DEBUG 19556 --- [scheduling-1] c.h.t.m.LocalMessageMapper.selectList    : <==      Total: 0
09:52:11:108 DEBUG 19556 --- [scheduling-1] c.h.t.m.LocalMessageMapper.selectList    : ==>  Preparing: SELECT id,message_id,exchange,routing_key,message_body,status,try_count,create_time,update_time,user_id FROM t_local_message WHERE (status = ? OR status = ?) LIMIT 100
09:52:11:108 DEBUG 19556 --- [scheduling-1] c.h.t.m.LocalMessageMapper.selectList    : ==> Parameters: 0(Integer), 2(Integer)
09:52:11:109 DEBUG 19556 --- [scheduling-1] c.h.t.m.LocalMessageMapper.selectList    : <==      Total: 0
09:52:21:113 DEBUG 19556 --- [scheduling-1] c.h.t.m.LocalMessageMapper.selectList    : ==>  Preparing: SELECT id,message_id,exchange,routing_key,message_body,status,try_count,create_time,update_time,user_id FROM t_local_message WHERE (status = ? OR status = ?) LIMIT 100
09:52:21:113 DEBUG 19556 --- [scheduling-1] c.h.t.m.LocalMessageMapper.selectList    : ==> Parameters: 0(Integer), 2(Integer)
09:52:21:114 DEBUG 19556 --- [scheduling-1] c.h.t.m.LocalMessageMapper.selectList    : <==      Total: 0
09:52:31:116 DEBUG 19556 --- [scheduling-1] c.h.t.m.LocalMessageMapper.selectList    : ==>  Preparing: SELECT id,message_id,exchange,routing_key,message_body,status,try_count,create_time,update_time,user_id FROM t_local_message WHERE (status = ? OR status = ?) LIMIT 100
09:52:31:116 DEBUG 19556 --- [scheduling-1] c.h.t.m.LocalMessageMapper.selectList    : ==> Parameters: 0(Integer), 2(Integer)
09:52:31:117 DEBUG 19556 --- [scheduling-1] c.h.t.m.LocalMessageMapper.selectList    : <==      Total: 0
09:52:41:120 DEBUG 19556 --- [scheduling-1] c.h.t.m.LocalMessageMapper.selectList    : ==>  Preparing: SELECT id,message_id,exchange,routing_key,message_body,status,try_count,create_time,update_time,user_id FROM t_local_message WHERE (status = ? OR status = ?) LIMIT 100
09:52:41:120 DEBUG 19556 --- [scheduling-1] c.h.t.m.LocalMessageMapper.selectList    : ==> Parameters: 0(Integer), 2(Integer)
09:52:41:120 DEBUG 19556 --- [scheduling-1] c.h.t.m.LocalMessageMapper.selectList    : <==      Total: 0
09:52:51:122 DEBUG 19556 --- [scheduling-1] c.h.t.m.LocalMessageMapper.selectList    : ==>  Preparing: SELECT id,message_id,exchange,routing_key,message_body,status,try_count,create_time,update_time,user_id FROM t_local_message WHERE (status = ? OR status = ?) LIMIT 100
09:52:51:122 DEBUG 19556 --- [scheduling-1] c.h.t.m.LocalMessageMapper.selectList    : ==> Parameters: 0(Integer), 2(Integer)
09:52:51:123 DEBUG 19556 --- [scheduling-1] c.h.t.m.LocalMessageMapper.selectList    : <==      Total: 0
09:53:01:125 DEBUG 19556 --- [scheduling-1] c.h.t.m.LocalMessageMapper.selectList    : ==>  Preparing: SELECT id,message_id,exchange,routing_key,message_body,status,try_count,create_time,update_time,user_id FROM t_local_message WHERE (status = ? OR status = ?) LIMIT 100
09:53:01:125 DEBUG 19556 --- [scheduling-1] c.h.t.m.LocalMessageMapper.selectList    : ==> Parameters: 0(Integer), 2(Integer)
09:53:01:125 DEBUG 19556 --- [scheduling-1] c.h.t.m.LocalMessageMapper.selectList    : <==      Total: 0
09:53:11:128 DEBUG 19556 --- [scheduling-1] c.h.t.m.LocalMessageMapper.selectList    : ==>  Preparing: SELECT id,message_id,exchange,routing_key,message_body,status,try_count,create_time,update_time,user_id FROM t_local_message WHERE (status = ? OR status = ?) LIMIT 100
09:53:11:128 DEBUG 19556 --- [scheduling-1] c.h.t.m.LocalMessageMapper.selectList    : ==> Parameters: 0(Integer), 2(Integer)
09:53:11:129 DEBUG 19556 --- [scheduling-1] c.h.t.m.LocalMessageMapper.selectList    : <==      Total: 0
09:53:21:132 DEBUG 19556 --- [scheduling-1] c.h.t.m.LocalMessageMapper.selectList    : ==>  Preparing: SELECT id,message_id,exchange,routing_key,message_body,status,try_count,create_time,update_time,user_id FROM t_local_message WHERE (status = ? OR status = ?) LIMIT 100
09:53:21:132 DEBUG 19556 --- [scheduling-1] c.h.t.m.LocalMessageMapper.selectList    : ==> Parameters: 0(Integer), 2(Integer)
09:53:21:133 DEBUG 19556 --- [scheduling-1] c.h.t.m.LocalMessageMapper.selectList    : <==      Total: 0
09:53:31:135 DEBUG 19556 --- [scheduling-1] c.h.t.m.LocalMessageMapper.selectList    : ==>  Preparing: SELECT id,message_id,exchange,routing_key,message_body,status,try_count,create_time,update_time,user_id FROM t_local_message WHERE (status = ? OR status = ?) LIMIT 100
09:53:31:135 DEBUG 19556 --- [scheduling-1] c.h.t.m.LocalMessageMapper.selectList    : ==> Parameters: 0(Integer), 2(Integer)
09:53:31:136 DEBUG 19556 --- [scheduling-1] c.h.t.m.LocalMessageMapper.selectList    : <==      Total: 0
09:53:41:138 DEBUG 19556 --- [scheduling-1] c.h.t.m.LocalMessageMapper.selectList    : ==>  Preparing: SELECT id,message_id,exchange,routing_key,message_body,status,try_count,create_time,update_time,user_id FROM t_local_message WHERE (status = ? OR status = ?) LIMIT 100
09:53:41:138 DEBUG 19556 --- [scheduling-1] c.h.t.m.LocalMessageMapper.selectList    : ==> Parameters: 0(Integer), 2(Integer)
09:53:41:139 DEBUG 19556 --- [scheduling-1] c.h.t.m.LocalMessageMapper.selectList    : <==      Total: 0
09:53:51:153 DEBUG 19556 --- [scheduling-1] c.h.t.m.LocalMessageMapper.selectList    : ==>  Preparing: SELECT id,message_id,exchange,routing_key,message_body,status,try_count,create_time,update_time,user_id FROM t_local_message WHERE (status = ? OR status = ?) LIMIT 100
09:53:51:153 DEBUG 19556 --- [scheduling-1] c.h.t.m.LocalMessageMapper.selectList    : ==> Parameters: 0(Integer), 2(Integer)
09:53:51:154 DEBUG 19556 --- [scheduling-1] c.h.t.m.LocalMessageMapper.selectList    : <==      Total: 0
09:54:01:165 DEBUG 19556 --- [scheduling-1] c.h.t.m.LocalMessageMapper.selectList    : ==>  Preparing: SELECT id,message_id,exchange,routing_key,message_body,status,try_count,create_time,update_time,user_id FROM t_local_message WHERE (status = ? OR status = ?) LIMIT 100
09:54:01:165 DEBUG 19556 --- [scheduling-1] c.h.t.m.LocalMessageMapper.selectList    : ==> Parameters: 0(Integer), 2(Integer)
09:54:01:165 DEBUG 19556 --- [scheduling-1] c.h.t.m.LocalMessageMapper.selectList    : <==      Total: 0
09:54:11:168 DEBUG 19556 --- [scheduling-1] c.h.t.m.LocalMessageMapper.selectList    : ==>  Preparing: SELECT id,message_id,exchange,routing_key,message_body,status,try_count,create_time,update_time,user_id FROM t_local_message WHERE (status = ? OR status = ?) LIMIT 100
09:54:11:168 DEBUG 19556 --- [scheduling-1] c.h.t.m.LocalMessageMapper.selectList    : ==> Parameters: 0(Integer), 2(Integer)
09:54:11:170 DEBUG 19556 --- [scheduling-1] c.h.t.m.LocalMessageMapper.selectList    : <==      Total: 0
09:54:21:179 DEBUG 19556 --- [scheduling-1] c.h.t.m.LocalMessageMapper.selectList    : ==>  Preparing: SELECT id,message_id,exchange,routing_key,message_body,status,try_count,create_time,update_time,user_id FROM t_local_message WHERE (status = ? OR status = ?) LIMIT 100
09:54:21:179 DEBUG 19556 --- [scheduling-1] c.h.t.m.LocalMessageMapper.selectList    : ==> Parameters: 0(Integer), 2(Integer)
09:54:21:180 DEBUG 19556 --- [scheduling-1] c.h.t.m.LocalMessageMapper.selectList    : <==      Total: 0
09:54:31:182 DEBUG 19556 --- [scheduling-1] c.h.t.m.LocalMessageMapper.selectList    : ==>  Preparing: SELECT id,message_id,exchange,routing_key,message_body,status,try_count,create_time,update_time,user_id FROM t_local_message WHERE (status = ? OR status = ?) LIMIT 100
09:54:31:182 DEBUG 19556 --- [scheduling-1] c.h.t.m.LocalMessageMapper.selectList    : ==> Parameters: 0(Integer), 2(Integer)
09:54:31:183 DEBUG 19556 --- [scheduling-1] c.h.t.m.LocalMessageMapper.selectList    : <==      Total: 0
09:54:41:190 DEBUG 19556 --- [scheduling-1] c.h.t.m.LocalMessageMapper.selectList    : ==>  Preparing: SELECT id,message_id,exchange,routing_key,message_body,status,try_count,create_time,update_time,user_id FROM t_local_message WHERE (status = ? OR status = ?) LIMIT 100
09:54:41:191 DEBUG 19556 --- [scheduling-1] c.h.t.m.LocalMessageMapper.selectList    : ==> Parameters: 0(Integer), 2(Integer)
09:54:41:191 DEBUG 19556 --- [scheduling-1] c.h.t.m.LocalMessageMapper.selectList    : <==      Total: 0
09:54:51:195 DEBUG 19556 --- [scheduling-1] c.h.t.m.LocalMessageMapper.selectList    : ==>  Preparing: SELECT id,message_id,exchange,routing_key,message_body,status,try_count,create_time,update_time,user_id FROM t_local_message WHERE (status = ? OR status = ?) LIMIT 100
09:54:51:196 DEBUG 19556 --- [scheduling-1] c.h.t.m.LocalMessageMapper.selectList    : ==> Parameters: 0(Integer), 2(Integer)
09:54:51:196 DEBUG 19556 --- [scheduling-1] c.h.t.m.LocalMessageMapper.selectList    : <==      Total: 0
09:55:01:199 DEBUG 19556 --- [scheduling-1] c.h.t.m.LocalMessageMapper.selectList    : ==>  Preparing: SELECT id,message_id,exchange,routing_key,message_body,status,try_count,create_time,update_time,user_id FROM t_local_message WHERE (status = ? OR status = ?) LIMIT 100
09:55:01:199 DEBUG 19556 --- [scheduling-1] c.h.t.m.LocalMessageMapper.selectList    : ==> Parameters: 0(Integer), 2(Integer)
09:55:01:200 DEBUG 19556 --- [scheduling-1] c.h.t.m.LocalMessageMapper.selectList    : <==      Total: 0
09:55:11:241 DEBUG 19556 --- [scheduling-1] c.h.t.m.LocalMessageMapper.selectList    : ==>  Preparing: SELECT id,message_id,exchange,routing_key,message_body,status,try_count,create_time,update_time,user_id FROM t_local_message WHERE (status = ? OR status = ?) LIMIT 100
09:55:11:241 DEBUG 19556 --- [scheduling-1] c.h.t.m.LocalMessageMapper.selectList    : ==> Parameters: 0(Integer), 2(Integer)
09:55:11:241 DEBUG 19556 --- [scheduling-1] c.h.t.m.LocalMessageMapper.selectList    : <==      Total: 0
09:55:21:248 DEBUG 19556 --- [scheduling-1] c.h.t.m.LocalMessageMapper.selectList    : ==>  Preparing: SELECT id,message_id,exchange,routing_key,message_body,status,try_count,create_time,update_time,user_id FROM t_local_message WHERE (status = ? OR status = ?) LIMIT 100
09:55:21:248 DEBUG 19556 --- [scheduling-1] c.h.t.m.LocalMessageMapper.selectList    : ==> Parameters: 0(Integer), 2(Integer)
09:55:21:249 DEBUG 19556 --- [scheduling-1] c.h.t.m.LocalMessageMapper.selectList    : <==      Total: 0
09:55:31:272 DEBUG 19556 --- [scheduling-1] c.h.t.m.LocalMessageMapper.selectList    : ==>  Preparing: SELECT id,message_id,exchange,routing_key,message_body,status,try_count,create_time,update_time,user_id FROM t_local_message WHERE (status = ? OR status = ?) LIMIT 100
09:55:31:272 DEBUG 19556 --- [scheduling-1] c.h.t.m.LocalMessageMapper.selectList    : ==> Parameters: 0(Integer), 2(Integer)
09:55:31:273 DEBUG 19556 --- [scheduling-1] c.h.t.m.LocalMessageMapper.selectList    : <==      Total: 0
09:55:41:275 DEBUG 19556 --- [scheduling-1] c.h.t.m.LocalMessageMapper.selectList    : ==>  Preparing: SELECT id,message_id,exchange,routing_key,message_body,status,try_count,create_time,update_time,user_id FROM t_local_message WHERE (status = ? OR status = ?) LIMIT 100
09:55:41:275 DEBUG 19556 --- [scheduling-1] c.h.t.m.LocalMessageMapper.selectList    : ==> Parameters: 0(Integer), 2(Integer)
09:55:41:276 DEBUG 19556 --- [scheduling-1] c.h.t.m.LocalMessageMapper.selectList    : <==      Total: 0
09:55:51:279 DEBUG 19556 --- [scheduling-1] c.h.t.m.LocalMessageMapper.selectList    : ==>  Preparing: SELECT id,message_id,exchange,routing_key,message_body,status,try_count,create_time,update_time,user_id FROM t_local_message WHERE (status = ? OR status = ?) LIMIT 100
09:55:51:281 DEBUG 19556 --- [scheduling-1] c.h.t.m.LocalMessageMapper.selectList    : ==> Parameters: 0(Integer), 2(Integer)
09:55:51:282 DEBUG 19556 --- [scheduling-1] c.h.t.m.LocalMessageMapper.selectList    : <==      Total: 0
09:56:01:287 DEBUG 19556 --- [scheduling-1] c.h.t.m.LocalMessageMapper.selectList    : ==>  Preparing: SELECT id,message_id,exchange,routing_key,message_body,status,try_count,create_time,update_time,user_id FROM t_local_message WHERE (status = ? OR status = ?) LIMIT 100
09:56:01:287 DEBUG 19556 --- [scheduling-1] c.h.t.m.LocalMessageMapper.selectList    : ==> Parameters: 0(Integer), 2(Integer)
09:56:01:288 DEBUG 19556 --- [scheduling-1] c.h.t.m.LocalMessageMapper.selectList    : <==      Total: 0
09:56:11:295 DEBUG 19556 --- [scheduling-1] c.h.t.m.LocalMessageMapper.selectList    : ==>  Preparing: SELECT id,message_id,exchange,routing_key,message_body,status,try_count,create_time,update_time,user_id FROM t_local_message WHERE (status = ? OR status = ?) LIMIT 100
09:56:11:295 DEBUG 19556 --- [scheduling-1] c.h.t.m.LocalMessageMapper.selectList    : ==> Parameters: 0(Integer), 2(Integer)
09:56:11:296 DEBUG 19556 --- [scheduling-1] c.h.t.m.LocalMessageMapper.selectList    : <==      Total: 0
09:56:21:342 DEBUG 19556 --- [scheduling-1] c.h.t.m.LocalMessageMapper.selectList    : ==>  Preparing: SELECT id,message_id,exchange,routing_key,message_body,status,try_count,create_time,update_time,user_id FROM t_local_message WHERE (status = ? OR status = ?) LIMIT 100
09:56:21:342 DEBUG 19556 --- [scheduling-1] c.h.t.m.LocalMessageMapper.selectList    : ==> Parameters: 0(Integer), 2(Integer)
09:56:21:344 DEBUG 19556 --- [scheduling-1] c.h.t.m.LocalMessageMapper.selectList    : <==      Total: 0
09:56:31:346 DEBUG 19556 --- [scheduling-1] c.h.t.m.LocalMessageMapper.selectList    : ==>  Preparing: SELECT id,message_id,exchange,routing_key,message_body,status,try_count,create_time,update_time,user_id FROM t_local_message WHERE (status = ? OR status = ?) LIMIT 100
09:56:31:347 DEBUG 19556 --- [scheduling-1] c.h.t.m.LocalMessageMapper.selectList    : ==> Parameters: 0(Integer), 2(Integer)
09:56:31:348 DEBUG 19556 --- [scheduling-1] c.h.t.m.LocalMessageMapper.selectList    : <==      Total: 0
09:56:41:362 DEBUG 19556 --- [scheduling-1] c.h.t.m.LocalMessageMapper.selectList    : ==>  Preparing: SELECT id,message_id,exchange,routing_key,message_body,status,try_count,create_time,update_time,user_id FROM t_local_message WHERE (status = ? OR status = ?) LIMIT 100
09:56:41:362 DEBUG 19556 --- [scheduling-1] c.h.t.m.LocalMessageMapper.selectList    : ==> Parameters: 0(Integer), 2(Integer)
09:56:41:372 DEBUG 19556 --- [scheduling-1] c.h.t.m.LocalMessageMapper.selectList    : <==      Total: 0
09:56:51:400 DEBUG 19556 --- [scheduling-1] c.h.t.m.LocalMessageMapper.selectList    : ==>  Preparing: SELECT id,message_id,exchange,routing_key,message_body,status,try_count,create_time,update_time,user_id FROM t_local_message WHERE (status = ? OR status = ?) LIMIT 100
09:56:51:400 DEBUG 19556 --- [scheduling-1] c.h.t.m.LocalMessageMapper.selectList    : ==> Parameters: 0(Integer), 2(Integer)
09:56:51:403 DEBUG 19556 --- [scheduling-1] c.h.t.m.LocalMessageMapper.selectList    : <==      Total: 0
09:57:01:415 DEBUG 19556 --- [scheduling-1] c.h.t.m.LocalMessageMapper.selectList    : ==>  Preparing: SELECT id,message_id,exchange,routing_key,message_body,status,try_count,create_time,update_time,user_id FROM t_local_message WHERE (status = ? OR status = ?) LIMIT 100
09:57:01:416 DEBUG 19556 --- [scheduling-1] c.h.t.m.LocalMessageMapper.selectList    : ==> Parameters: 0(Integer), 2(Integer)
09:57:01:416 DEBUG 19556 --- [scheduling-1] c.h.t.m.LocalMessageMapper.selectList    : <==      Total: 0
09:57:11:421 DEBUG 19556 --- [scheduling-1] c.h.t.m.LocalMessageMapper.selectList    : ==>  Preparing: SELECT id,message_id,exchange,routing_key,message_body,status,try_count,create_time,update_time,user_id FROM t_local_message WHERE (status = ? OR status = ?) LIMIT 100
09:57:11:421 DEBUG 19556 --- [scheduling-1] c.h.t.m.LocalMessageMapper.selectList    : ==> Parameters: 0(Integer), 2(Integer)
09:57:11:423 DEBUG 19556 --- [scheduling-1] c.h.t.m.LocalMessageMapper.selectList    : <==      Total: 0
09:57:21:437 DEBUG 19556 --- [scheduling-1] c.h.t.m.LocalMessageMapper.selectList    : ==>  Preparing: SELECT id,message_id,exchange,routing_key,message_body,status,try_count,create_time,update_time,user_id FROM t_local_message WHERE (status = ? OR status = ?) LIMIT 100
09:57:21:437 DEBUG 19556 --- [scheduling-1] c.h.t.m.LocalMessageMapper.selectList    : ==> Parameters: 0(Integer), 2(Integer)
09:57:21:438 DEBUG 19556 --- [scheduling-1] c.h.t.m.LocalMessageMapper.selectList    : <==      Total: 0
09:57:31:450 DEBUG 19556 --- [scheduling-1] c.h.t.m.LocalMessageMapper.selectList    : ==>  Preparing: SELECT id,message_id,exchange,routing_key,message_body,status,try_count,create_time,update_time,user_id FROM t_local_message WHERE (status = ? OR status = ?) LIMIT 100
09:57:31:450 DEBUG 19556 --- [scheduling-1] c.h.t.m.LocalMessageMapper.selectList    : ==> Parameters: 0(Integer), 2(Integer)
09:57:31:452 DEBUG 19556 --- [scheduling-1] c.h.t.m.LocalMessageMapper.selectList    : <==      Total: 0
09:57:41:461 DEBUG 19556 --- [scheduling-1] c.h.t.m.LocalMessageMapper.selectList    : ==>  Preparing: SELECT id,message_id,exchange,routing_key,message_body,status,try_count,create_time,update_time,user_id FROM t_local_message WHERE (status = ? OR status = ?) LIMIT 100
09:57:41:462 DEBUG 19556 --- [scheduling-1] c.h.t.m.LocalMessageMapper.selectList    : ==> Parameters: 0(Integer), 2(Integer)
09:57:41:462 DEBUG 19556 --- [scheduling-1] c.h.t.m.LocalMessageMapper.selectList    : <==      Total: 0
09:57:51:466 DEBUG 19556 --- [scheduling-1] c.h.t.m.LocalMessageMapper.selectList    : ==>  Preparing: SELECT id,message_id,exchange,routing_key,message_body,status,try_count,create_time,update_time,user_id FROM t_local_message WHERE (status = ? OR status = ?) LIMIT 100
09:57:51:466 DEBUG 19556 --- [scheduling-1] c.h.t.m.LocalMessageMapper.selectList    : ==> Parameters: 0(Integer), 2(Integer)
09:57:51:467 DEBUG 19556 --- [scheduling-1] c.h.t.m.LocalMessageMapper.selectList    : <==      Total: 0
09:58:01:469 DEBUG 19556 --- [scheduling-1] c.h.t.m.LocalMessageMapper.selectList    : ==>  Preparing: SELECT id,message_id,exchange,routing_key,message_body,status,try_count,create_time,update_time,user_id FROM t_local_message WHERE (status = ? OR status = ?) LIMIT 100
09:58:01:469 DEBUG 19556 --- [scheduling-1] c.h.t.m.LocalMessageMapper.selectList    : ==> Parameters: 0(Integer), 2(Integer)
09:58:01:470 DEBUG 19556 --- [scheduling-1] c.h.t.m.LocalMessageMapper.selectList    : <==      Total: 0
09:58:11:493 DEBUG 19556 --- [scheduling-1] c.h.t.m.LocalMessageMapper.selectList    : ==>  Preparing: SELECT id,message_id,exchange,routing_key,message_body,status,try_count,create_time,update_time,user_id FROM t_local_message WHERE (status = ? OR status = ?) LIMIT 100
09:58:11:493 DEBUG 19556 --- [scheduling-1] c.h.t.m.LocalMessageMapper.selectList    : ==> Parameters: 0(Integer), 2(Integer)
09:58:11:494 DEBUG 19556 --- [scheduling-1] c.h.t.m.LocalMessageMapper.selectList    : <==      Total: 0
09:58:21:509 DEBUG 19556 --- [scheduling-1] c.h.t.m.LocalMessageMapper.selectList    : ==>  Preparing: SELECT id,message_id,exchange,routing_key,message_body,status,try_count,create_time,update_time,user_id FROM t_local_message WHERE (status = ? OR status = ?) LIMIT 100
09:58:21:509 DEBUG 19556 --- [scheduling-1] c.h.t.m.LocalMessageMapper.selectList    : ==> Parameters: 0(Integer), 2(Integer)
09:58:21:510 DEBUG 19556 --- [scheduling-1] c.h.t.m.LocalMessageMapper.selectList    : <==      Total: 0
09:58:31:518 DEBUG 19556 --- [scheduling-1] c.h.t.m.LocalMessageMapper.selectList    : ==>  Preparing: SELECT id,message_id,exchange,routing_key,message_body,status,try_count,create_time,update_time,user_id FROM t_local_message WHERE (status = ? OR status = ?) LIMIT 100
09:58:31:518 DEBUG 19556 --- [scheduling-1] c.h.t.m.LocalMessageMapper.selectList    : ==> Parameters: 0(Integer), 2(Integer)
09:58:31:519 DEBUG 19556 --- [scheduling-1] c.h.t.m.LocalMessageMapper.selectList    : <==      Total: 0
09:58:41:526 DEBUG 19556 --- [scheduling-1] c.h.t.m.LocalMessageMapper.selectList    : ==>  Preparing: SELECT id,message_id,exchange,routing_key,message_body,status,try_count,create_time,update_time,user_id FROM t_local_message WHERE (status = ? OR status = ?) LIMIT 100
09:58:41:526 DEBUG 19556 --- [scheduling-1] c.h.t.m.LocalMessageMapper.selectList    : ==> Parameters: 0(Integer), 2(Integer)
09:58:41:527 DEBUG 19556 --- [scheduling-1] c.h.t.m.LocalMessageMapper.selectList    : <==      Total: 0
09:58:51:529 DEBUG 19556 --- [scheduling-1] c.h.t.m.LocalMessageMapper.selectList    : ==>  Preparing: SELECT id,message_id,exchange,routing_key,message_body,status,try_count,create_time,update_time,user_id FROM t_local_message WHERE (status = ? OR status = ?) LIMIT 100
09:58:51:529 DEBUG 19556 --- [scheduling-1] c.h.t.m.LocalMessageMapper.selectList    : ==> Parameters: 0(Integer), 2(Integer)
09:58:51:530 DEBUG 19556 --- [scheduling-1] c.h.t.m.LocalMessageMapper.selectList    : <==      Total: 0
09:59:01:532 DEBUG 19556 --- [scheduling-1] c.h.t.m.LocalMessageMapper.selectList    : ==>  Preparing: SELECT id,message_id,exchange,routing_key,message_body,status,try_count,create_time,update_time,user_id FROM t_local_message WHERE (status = ? OR status = ?) LIMIT 100
09:59:01:532 DEBUG 19556 --- [scheduling-1] c.h.t.m.LocalMessageMapper.selectList    : ==> Parameters: 0(Integer), 2(Integer)
09:59:01:533 DEBUG 19556 --- [scheduling-1] c.h.t.m.LocalMessageMapper.selectList    : <==      Total: 0
09:59:11:538 DEBUG 19556 --- [scheduling-1] c.h.t.m.LocalMessageMapper.selectList    : ==>  Preparing: SELECT id,message_id,exchange,routing_key,message_body,status,try_count,create_time,update_time,user_id FROM t_local_message WHERE (status = ? OR status = ?) LIMIT 100
09:59:11:538 DEBUG 19556 --- [scheduling-1] c.h.t.m.LocalMessageMapper.selectList    : ==> Parameters: 0(Integer), 2(Integer)
09:59:11:539 DEBUG 19556 --- [scheduling-1] c.h.t.m.LocalMessageMapper.selectList    : <==      Total: 0
09:59:21:560 DEBUG 19556 --- [scheduling-1] c.h.t.m.LocalMessageMapper.selectList    : ==>  Preparing: SELECT id,message_id,exchange,routing_key,message_body,status,try_count,create_time,update_time,user_id FROM t_local_message WHERE (status = ? OR status = ?) LIMIT 100
09:59:21:560 DEBUG 19556 --- [scheduling-1] c.h.t.m.LocalMessageMapper.selectList    : ==> Parameters: 0(Integer), 2(Integer)
09:59:21:570 DEBUG 19556 --- [scheduling-1] c.h.t.m.LocalMessageMapper.selectList    : <==      Total: 0
09:59:31:573 DEBUG 19556 --- [scheduling-1] c.h.t.m.LocalMessageMapper.selectList    : ==>  Preparing: SELECT id,message_id,exchange,routing_key,message_body,status,try_count,create_time,update_time,user_id FROM t_local_message WHERE (status = ? OR status = ?) LIMIT 100
09:59:31:573 DEBUG 19556 --- [scheduling-1] c.h.t.m.LocalMessageMapper.selectList    : ==> Parameters: 0(Integer), 2(Integer)
09:59:31:574 DEBUG 19556 --- [scheduling-1] c.h.t.m.LocalMessageMapper.selectList    : <==      Total: 0
09:59:41:583 DEBUG 19556 --- [scheduling-1] c.h.t.m.LocalMessageMapper.selectList    : ==>  Preparing: SELECT id,message_id,exchange,routing_key,message_body,status,try_count,create_time,update_time,user_id FROM t_local_message WHERE (status = ? OR status = ?) LIMIT 100
09:59:41:584 DEBUG 19556 --- [scheduling-1] c.h.t.m.LocalMessageMapper.selectList    : ==> Parameters: 0(Integer), 2(Integer)
09:59:41:584 DEBUG 19556 --- [scheduling-1] c.h.t.m.LocalMessageMapper.selectList    : <==      Total: 0
09:59:51:587 DEBUG 19556 --- [scheduling-1] c.h.t.m.LocalMessageMapper.selectList    : ==>  Preparing: SELECT id,message_id,exchange,routing_key,message_body,status,try_count,create_time,update_time,user_id FROM t_local_message WHERE (status = ? OR status = ?) LIMIT 100
09:59:51:587 DEBUG 19556 --- [scheduling-1] c.h.t.m.LocalMessageMapper.selectList    : ==> Parameters: 0(Integer), 2(Integer)
09:59:51:588 DEBUG 19556 --- [scheduling-1] c.h.t.m.LocalMessageMapper.selectList    : <==      Total: 0
10:00:01:589 DEBUG 19556 --- [scheduling-1] c.h.t.m.LocalMessageMapper.selectList    : ==>  Preparing: SELECT id,message_id,exchange,routing_key,message_body,status,try_count,create_time,update_time,user_id FROM t_local_message WHERE (status = ? OR status = ?) LIMIT 100
10:00:01:589 DEBUG 19556 --- [scheduling-1] c.h.t.m.LocalMessageMapper.selectList    : ==> Parameters: 0(Integer), 2(Integer)
10:00:01:596 DEBUG 19556 --- [scheduling-1] c.h.t.m.LocalMessageMapper.selectList    : <==      Total: 0
10:00:11:598 DEBUG 19556 --- [scheduling-1] c.h.t.m.LocalMessageMapper.selectList    : ==>  Preparing: SELECT id,message_id,exchange,routing_key,message_body,status,try_count,create_time,update_time,user_id FROM t_local_message WHERE (status = ? OR status = ?) LIMIT 100
10:00:11:598 DEBUG 19556 --- [scheduling-1] c.h.t.m.LocalMessageMapper.selectList    : ==> Parameters: 0(Integer), 2(Integer)
10:00:11:599 DEBUG 19556 --- [scheduling-1] c.h.t.m.LocalMessageMapper.selectList    : <==      Total: 0
10:00:21:612 DEBUG 19556 --- [scheduling-1] c.h.t.m.LocalMessageMapper.selectList    : ==>  Preparing: SELECT id,message_id,exchange,routing_key,message_body,status,try_count,create_time,update_time,user_id FROM t_local_message WHERE (status = ? OR status = ?) LIMIT 100
10:00:21:612 DEBUG 19556 --- [scheduling-1] c.h.t.m.LocalMessageMapper.selectList    : ==> Parameters: 0(Integer), 2(Integer)
10:00:21:613 DEBUG 19556 --- [scheduling-1] c.h.t.m.LocalMessageMapper.selectList    : <==      Total: 0
10:00:31:650 DEBUG 19556 --- [scheduling-1] c.h.t.m.LocalMessageMapper.selectList    : ==>  Preparing: SELECT id,message_id,exchange,routing_key,message_body,status,try_count,create_time,update_time,user_id FROM t_local_message WHERE (status = ? OR status = ?) LIMIT 100
10:00:31:650 DEBUG 19556 --- [scheduling-1] c.h.t.m.LocalMessageMapper.selectList    : ==> Parameters: 0(Integer), 2(Integer)
10:00:31:651 DEBUG 19556 --- [scheduling-1] c.h.t.m.LocalMessageMapper.selectList    : <==      Total: 0
10:00:41:659 DEBUG 19556 --- [scheduling-1] c.h.t.m.LocalMessageMapper.selectList    : ==>  Preparing: SELECT id,message_id,exchange,routing_key,message_body,status,try_count,create_time,update_time,user_id FROM t_local_message WHERE (status = ? OR status = ?) LIMIT 100
10:00:41:660 DEBUG 19556 --- [scheduling-1] c.h.t.m.LocalMessageMapper.selectList    : ==> Parameters: 0(Integer), 2(Integer)
10:00:41:660 DEBUG 19556 --- [scheduling-1] c.h.t.m.LocalMessageMapper.selectList    : <==      Total: 0
10:00:51:674 DEBUG 19556 --- [scheduling-1] c.h.t.m.LocalMessageMapper.selectList    : ==>  Preparing: SELECT id,message_id,exchange,routing_key,message_body,status,try_count,create_time,update_time,user_id FROM t_local_message WHERE (status = ? OR status = ?) LIMIT 100
10:00:51:675 DEBUG 19556 --- [scheduling-1] c.h.t.m.LocalMessageMapper.selectList    : ==> Parameters: 0(Integer), 2(Integer)
10:00:51:675 DEBUG 19556 --- [scheduling-1] c.h.t.m.LocalMessageMapper.selectList    : <==      Total: 0
10:01:01:689 DEBUG 19556 --- [scheduling-1] c.h.t.m.LocalMessageMapper.selectList    : ==>  Preparing: SELECT id,message_id,exchange,routing_key,message_body,status,try_count,create_time,update_time,user_id FROM t_local_message WHERE (status = ? OR status = ?) LIMIT 100
10:01:01:689 DEBUG 19556 --- [scheduling-1] c.h.t.m.LocalMessageMapper.selectList    : ==> Parameters: 0(Integer), 2(Integer)
10:01:01:689 DEBUG 19556 --- [scheduling-1] c.h.t.m.LocalMessageMapper.selectList    : <==      Total: 0
10:01:11:692 DEBUG 19556 --- [scheduling-1] c.h.t.m.LocalMessageMapper.selectList    : ==>  Preparing: SELECT id,message_id,exchange,routing_key,message_body,status,try_count,create_time,update_time,user_id FROM t_local_message WHERE (status = ? OR status = ?) LIMIT 100
10:01:11:692 DEBUG 19556 --- [scheduling-1] c.h.t.m.LocalMessageMapper.selectList    : ==> Parameters: 0(Integer), 2(Integer)
10:01:11:693 DEBUG 19556 --- [scheduling-1] c.h.t.m.LocalMessageMapper.selectList    : <==      Total: 0
10:01:21:705 DEBUG 19556 --- [scheduling-1] c.h.t.m.LocalMessageMapper.selectList    : ==>  Preparing: SELECT id,message_id,exchange,routing_key,message_body,status,try_count,create_time,update_time,user_id FROM t_local_message WHERE (status = ? OR status = ?) LIMIT 100
10:01:21:706 DEBUG 19556 --- [scheduling-1] c.h.t.m.LocalMessageMapper.selectList    : ==> Parameters: 0(Integer), 2(Integer)
10:01:21:707 DEBUG 19556 --- [scheduling-1] c.h.t.m.LocalMessageMapper.selectList    : <==      Total: 0
10:01:31:727 DEBUG 19556 --- [scheduling-1] c.h.t.m.LocalMessageMapper.selectList    : ==>  Preparing: SELECT id,message_id,exchange,routing_key,message_body,status,try_count,create_time,update_time,user_id FROM t_local_message WHERE (status = ? OR status = ?) LIMIT 100
10:01:31:728 DEBUG 19556 --- [scheduling-1] c.h.t.m.LocalMessageMapper.selectList    : ==> Parameters: 0(Integer), 2(Integer)
10:01:31:728 DEBUG 19556 --- [scheduling-1] c.h.t.m.LocalMessageMapper.selectList    : <==      Total: 0
10:01:41:740 DEBUG 19556 --- [scheduling-1] c.h.t.m.LocalMessageMapper.selectList    : ==>  Preparing: SELECT id,message_id,exchange,routing_key,message_body,status,try_count,create_time,update_time,user_id FROM t_local_message WHERE (status = ? OR status = ?) LIMIT 100
10:01:41:740 DEBUG 19556 --- [scheduling-1] c.h.t.m.LocalMessageMapper.selectList    : ==> Parameters: 0(Integer), 2(Integer)
10:01:41:751 DEBUG 19556 --- [scheduling-1] c.h.t.m.LocalMessageMapper.selectList    : <==      Total: 0
10:01:51:753 DEBUG 19556 --- [scheduling-1] c.h.t.m.LocalMessageMapper.selectList    : ==>  Preparing: SELECT id,message_id,exchange,routing_key,message_body,status,try_count,create_time,update_time,user_id FROM t_local_message WHERE (status = ? OR status = ?) LIMIT 100
10:01:51:753 DEBUG 19556 --- [scheduling-1] c.h.t.m.LocalMessageMapper.selectList    : ==> Parameters: 0(Integer), 2(Integer)
10:01:51:754 DEBUG 19556 --- [scheduling-1] c.h.t.m.LocalMessageMapper.selectList    : <==      Total: 0
10:02:01:756 DEBUG 19556 --- [scheduling-1] c.h.t.m.LocalMessageMapper.selectList    : ==>  Preparing: SELECT id,message_id,exchange,routing_key,message_body,status,try_count,create_time,update_time,user_id FROM t_local_message WHERE (status = ? OR status = ?) LIMIT 100
10:02:01:756 DEBUG 19556 --- [scheduling-1] c.h.t.m.LocalMessageMapper.selectList    : ==> Parameters: 0(Integer), 2(Integer)
10:02:01:757 DEBUG 19556 --- [scheduling-1] c.h.t.m.LocalMessageMapper.selectList    : <==      Total: 0
10:02:11:770 DEBUG 19556 --- [scheduling-1] c.h.t.m.LocalMessageMapper.selectList    : ==>  Preparing: SELECT id,message_id,exchange,routing_key,message_body,status,try_count,create_time,update_time,user_id FROM t_local_message WHERE (status = ? OR status = ?) LIMIT 100
10:02:11:778 DEBUG 19556 --- [scheduling-1] c.h.t.m.LocalMessageMapper.selectList    : ==> Parameters: 0(Integer), 2(Integer)
10:02:11:779 DEBUG 19556 --- [scheduling-1] c.h.t.m.LocalMessageMapper.selectList    : <==      Total: 0
10:02:21:782 DEBUG 19556 --- [scheduling-1] c.h.t.m.LocalMessageMapper.selectList    : ==>  Preparing: SELECT id,message_id,exchange,routing_key,message_body,status,try_count,create_time,update_time,user_id FROM t_local_message WHERE (status = ? OR status = ?) LIMIT 100
10:02:21:782 DEBUG 19556 --- [scheduling-1] c.h.t.m.LocalMessageMapper.selectList    : ==> Parameters: 0(Integer), 2(Integer)
10:02:21:783 DEBUG 19556 --- [scheduling-1] c.h.t.m.LocalMessageMapper.selectList    : <==      Total: 0
10:02:31:786 DEBUG 19556 --- [scheduling-1] c.h.t.m.LocalMessageMapper.selectList    : ==>  Preparing: SELECT id,message_id,exchange,routing_key,message_body,status,try_count,create_time,update_time,user_id FROM t_local_message WHERE (status = ? OR status = ?) LIMIT 100
10:02:31:786 DEBUG 19556 --- [scheduling-1] c.h.t.m.LocalMessageMapper.selectList    : ==> Parameters: 0(Integer), 2(Integer)
10:02:31:787 DEBUG 19556 --- [scheduling-1] c.h.t.m.LocalMessageMapper.selectList    : <==      Total: 0
10:02:41:805 DEBUG 19556 --- [scheduling-1] c.h.t.m.LocalMessageMapper.selectList    : ==>  Preparing: SELECT id,message_id,exchange,routing_key,message_body,status,try_count,create_time,update_time,user_id FROM t_local_message WHERE (status = ? OR status = ?) LIMIT 100
10:02:41:806 DEBUG 19556 --- [scheduling-1] c.h.t.m.LocalMessageMapper.selectList    : ==> Parameters: 0(Integer), 2(Integer)
10:02:41:806 DEBUG 19556 --- [scheduling-1] c.h.t.m.LocalMessageMapper.selectList    : <==      Total: 0
10:02:51:823 DEBUG 19556 --- [scheduling-1] c.h.t.m.LocalMessageMapper.selectList    : ==>  Preparing: SELECT id,message_id,exchange,routing_key,message_body,status,try_count,create_time,update_time,user_id FROM t_local_message WHERE (status = ? OR status = ?) LIMIT 100
10:02:51:823 DEBUG 19556 --- [scheduling-1] c.h.t.m.LocalMessageMapper.selectList    : ==> Parameters: 0(Integer), 2(Integer)
10:02:51:824 DEBUG 19556 --- [scheduling-1] c.h.t.m.LocalMessageMapper.selectList    : <==      Total: 0
10:03:01:844 DEBUG 19556 --- [scheduling-1] c.h.t.m.LocalMessageMapper.selectList    : ==>  Preparing: SELECT id,message_id,exchange,routing_key,message_body,status,try_count,create_time,update_time,user_id FROM t_local_message WHERE (status = ? OR status = ?) LIMIT 100
10:03:01:844 DEBUG 19556 --- [scheduling-1] c.h.t.m.LocalMessageMapper.selectList    : ==> Parameters: 0(Integer), 2(Integer)
10:03:01:845 DEBUG 19556 --- [scheduling-1] c.h.t.m.LocalMessageMapper.selectList    : <==      Total: 0
10:03:11:852 DEBUG 19556 --- [scheduling-1] c.h.t.m.LocalMessageMapper.selectList    : ==>  Preparing: SELECT id,message_id,exchange,routing_key,message_body,status,try_count,create_time,update_time,user_id FROM t_local_message WHERE (status = ? OR status = ?) LIMIT 100
10:03:11:853 DEBUG 19556 --- [scheduling-1] c.h.t.m.LocalMessageMapper.selectList    : ==> Parameters: 0(Integer), 2(Integer)
10:03:11:853 DEBUG 19556 --- [scheduling-1] c.h.t.m.LocalMessageMapper.selectList    : <==      Total: 0
10:03:21:899 DEBUG 19556 --- [scheduling-1] c.h.t.m.LocalMessageMapper.selectList    : ==>  Preparing: SELECT id,message_id,exchange,routing_key,message_body,status,try_count,create_time,update_time,user_id FROM t_local_message WHERE (status = ? OR status = ?) LIMIT 100
10:03:21:900 DEBUG 19556 --- [scheduling-1] c.h.t.m.LocalMessageMapper.selectList    : ==> Parameters: 0(Integer), 2(Integer)
10:03:21:900 DEBUG 19556 --- [scheduling-1] c.h.t.m.LocalMessageMapper.selectList    : <==      Total: 0
10:03:31:915 DEBUG 19556 --- [scheduling-1] c.h.t.m.LocalMessageMapper.selectList    : ==>  Preparing: SELECT id,message_id,exchange,routing_key,message_body,status,try_count,create_time,update_time,user_id FROM t_local_message WHERE (status = ? OR status = ?) LIMIT 100
10:03:31:915 DEBUG 19556 --- [scheduling-1] c.h.t.m.LocalMessageMapper.selectList    : ==> Parameters: 0(Integer), 2(Integer)
10:03:31:916 DEBUG 19556 --- [scheduling-1] c.h.t.m.LocalMessageMapper.selectList    : <==      Total: 0
10:03:41:919 DEBUG 19556 --- [scheduling-1] c.h.t.m.LocalMessageMapper.selectList    : ==>  Preparing: SELECT id,message_id,exchange,routing_key,message_body,status,try_count,create_time,update_time,user_id FROM t_local_message WHERE (status = ? OR status = ?) LIMIT 100
10:03:41:919 DEBUG 19556 --- [scheduling-1] c.h.t.m.LocalMessageMapper.selectList    : ==> Parameters: 0(Integer), 2(Integer)
10:03:41:920 DEBUG 19556 --- [scheduling-1] c.h.t.m.LocalMessageMapper.selectList    : <==      Total: 0
10:03:51:922 DEBUG 19556 --- [scheduling-1] c.h.t.m.LocalMessageMapper.selectList    : ==>  Preparing: SELECT id,message_id,exchange,routing_key,message_body,status,try_count,create_time,update_time,user_id FROM t_local_message WHERE (status = ? OR status = ?) LIMIT 100
10:03:51:922 DEBUG 19556 --- [scheduling-1] c.h.t.m.LocalMessageMapper.selectList    : ==> Parameters: 0(Integer), 2(Integer)
10:03:51:923 DEBUG 19556 --- [scheduling-1] c.h.t.m.LocalMessageMapper.selectList    : <==      Total: 0
10:04:01:926 DEBUG 19556 --- [scheduling-1] c.h.t.m.LocalMessageMapper.selectList    : ==>  Preparing: SELECT id,message_id,exchange,routing_key,message_body,status,try_count,create_time,update_time,user_id FROM t_local_message WHERE (status = ? OR status = ?) LIMIT 100
10:04:01:927 DEBUG 19556 --- [scheduling-1] c.h.t.m.LocalMessageMapper.selectList    : ==> Parameters: 0(Integer), 2(Integer)
10:04:01:927 DEBUG 19556 --- [scheduling-1] c.h.t.m.LocalMessageMapper.selectList    : <==      Total: 0
10:04:11:933 DEBUG 19556 --- [scheduling-1] c.h.t.m.LocalMessageMapper.selectList    : ==>  Preparing: SELECT id,message_id,exchange,routing_key,message_body,status,try_count,create_time,update_time,user_id FROM t_local_message WHERE (status = ? OR status = ?) LIMIT 100
10:04:11:933 DEBUG 19556 --- [scheduling-1] c.h.t.m.LocalMessageMapper.selectList    : ==> Parameters: 0(Integer), 2(Integer)
10:04:11:934 DEBUG 19556 --- [scheduling-1] c.h.t.m.LocalMessageMapper.selectList    : <==      Total: 0
10:04:21:937 DEBUG 19556 --- [scheduling-1] c.h.t.m.LocalMessageMapper.selectList    : ==>  Preparing: SELECT id,message_id,exchange,routing_key,message_body,status,try_count,create_time,update_time,user_id FROM t_local_message WHERE (status = ? OR status = ?) LIMIT 100
10:04:21:938 DEBUG 19556 --- [scheduling-1] c.h.t.m.LocalMessageMapper.selectList    : ==> Parameters: 0(Integer), 2(Integer)
10:04:21:938 DEBUG 19556 --- [scheduling-1] c.h.t.m.LocalMessageMapper.selectList    : <==      Total: 0
10:04:31:955 DEBUG 19556 --- [scheduling-1] c.h.t.m.LocalMessageMapper.selectList    : ==>  Preparing: SELECT id,message_id,exchange,routing_key,message_body,status,try_count,create_time,update_time,user_id FROM t_local_message WHERE (status = ? OR status = ?) LIMIT 100
10:04:31:955 DEBUG 19556 --- [scheduling-1] c.h.t.m.LocalMessageMapper.selectList    : ==> Parameters: 0(Integer), 2(Integer)
10:04:31:960 DEBUG 19556 --- [scheduling-1] c.h.t.m.LocalMessageMapper.selectList    : <==      Total: 0
10:04:41:971 DEBUG 19556 --- [scheduling-1] c.h.t.m.LocalMessageMapper.selectList    : ==>  Preparing: SELECT id,message_id,exchange,routing_key,message_body,status,try_count,create_time,update_time,user_id FROM t_local_message WHERE (status = ? OR status = ?) LIMIT 100
10:04:41:971 DEBUG 19556 --- [scheduling-1] c.h.t.m.LocalMessageMapper.selectList    : ==> Parameters: 0(Integer), 2(Integer)
10:04:41:972 DEBUG 19556 --- [scheduling-1] c.h.t.m.LocalMessageMapper.selectList    : <==      Total: 0
10:04:51:995 DEBUG 19556 --- [scheduling-1] c.h.t.m.LocalMessageMapper.selectList    : ==>  Preparing: SELECT id,message_id,exchange,routing_key,message_body,status,try_count,create_time,update_time,user_id FROM t_local_message WHERE (status = ? OR status = ?) LIMIT 100
10:04:51:995 DEBUG 19556 --- [scheduling-1] c.h.t.m.LocalMessageMapper.selectList    : ==> Parameters: 0(Integer), 2(Integer)
10:04:51:996 DEBUG 19556 --- [scheduling-1] c.h.t.m.LocalMessageMapper.selectList    : <==      Total: 0
10:05:02:009 DEBUG 19556 --- [scheduling-1] c.h.t.m.LocalMessageMapper.selectList    : ==>  Preparing: SELECT id,message_id,exchange,routing_key,message_body,status,try_count,create_time,update_time,user_id FROM t_local_message WHERE (status = ? OR status = ?) LIMIT 100
10:05:02:009 DEBUG 19556 --- [scheduling-1] c.h.t.m.LocalMessageMapper.selectList    : ==> Parameters: 0(Integer), 2(Integer)
10:05:02:010 DEBUG 19556 --- [scheduling-1] c.h.t.m.LocalMessageMapper.selectList    : <==      Total: 0
10:05:12:017 DEBUG 19556 --- [scheduling-1] c.h.t.m.LocalMessageMapper.selectList    : ==>  Preparing: SELECT id,message_id,exchange,routing_key,message_body,status,try_count,create_time,update_time,user_id FROM t_local_message WHERE (status = ? OR status = ?) LIMIT 100
10:05:12:018 DEBUG 19556 --- [scheduling-1] c.h.t.m.LocalMessageMapper.selectList    : ==> Parameters: 0(Integer), 2(Integer)
10:05:12:019 DEBUG 19556 --- [scheduling-1] c.h.t.m.LocalMessageMapper.selectList    : <==      Total: 0
10:05:22:023 DEBUG 19556 --- [scheduling-1] c.h.t.m.LocalMessageMapper.selectList    : ==>  Preparing: SELECT id,message_id,exchange,routing_key,message_body,status,try_count,create_time,update_time,user_id FROM t_local_message WHERE (status = ? OR status = ?) LIMIT 100
10:05:22:023 DEBUG 19556 --- [scheduling-1] c.h.t.m.LocalMessageMapper.selectList    : ==> Parameters: 0(Integer), 2(Integer)
10:05:22:024 DEBUG 19556 --- [scheduling-1] c.h.t.m.LocalMessageMapper.selectList    : <==      Total: 0
10:05:32:036 DEBUG 19556 --- [scheduling-1] c.h.t.m.LocalMessageMapper.selectList    : ==>  Preparing: SELECT id,message_id,exchange,routing_key,message_body,status,try_count,create_time,update_time,user_id FROM t_local_message WHERE (status = ? OR status = ?) LIMIT 100
10:05:32:037 DEBUG 19556 --- [scheduling-1] c.h.t.m.LocalMessageMapper.selectList    : ==> Parameters: 0(Integer), 2(Integer)
10:05:32:038 DEBUG 19556 --- [scheduling-1] c.h.t.m.LocalMessageMapper.selectList    : <==      Total: 0
10:05:42:043 DEBUG 19556 --- [scheduling-1] c.h.t.m.LocalMessageMapper.selectList    : ==>  Preparing: SELECT id,message_id,exchange,routing_key,message_body,status,try_count,create_time,update_time,user_id FROM t_local_message WHERE (status = ? OR status = ?) LIMIT 100
10:05:42:043 DEBUG 19556 --- [scheduling-1] c.h.t.m.LocalMessageMapper.selectList    : ==> Parameters: 0(Integer), 2(Integer)
10:05:42:044 DEBUG 19556 --- [scheduling-1] c.h.t.m.LocalMessageMapper.selectList    : <==      Total: 0
10:05:52:072 DEBUG 19556 --- [scheduling-1] c.h.t.m.LocalMessageMapper.selectList    : ==>  Preparing: SELECT id,message_id,exchange,routing_key,message_body,status,try_count,create_time,update_time,user_id FROM t_local_message WHERE (status = ? OR status = ?) LIMIT 100
10:05:52:072 DEBUG 19556 --- [scheduling-1] c.h.t.m.LocalMessageMapper.selectList    : ==> Parameters: 0(Integer), 2(Integer)
10:05:52:073 DEBUG 19556 --- [scheduling-1] c.h.t.m.LocalMessageMapper.selectList    : <==      Total: 0
10:06:02:090 DEBUG 19556 --- [scheduling-1] c.h.t.m.LocalMessageMapper.selectList    : ==>  Preparing: SELECT id,message_id,exchange,routing_key,message_body,status,try_count,create_time,update_time,user_id FROM t_local_message WHERE (status = ? OR status = ?) LIMIT 100
10:06:02:090 DEBUG 19556 --- [scheduling-1] c.h.t.m.LocalMessageMapper.selectList    : ==> Parameters: 0(Integer), 2(Integer)
10:06:02:091 DEBUG 19556 --- [scheduling-1] c.h.t.m.LocalMessageMapper.selectList    : <==      Total: 0
10:06:12:106 DEBUG 19556 --- [scheduling-1] c.h.t.m.LocalMessageMapper.selectList    : ==>  Preparing: SELECT id,message_id,exchange,routing_key,message_body,status,try_count,create_time,update_time,user_id FROM t_local_message WHERE (status = ? OR status = ?) LIMIT 100
10:06:12:106 DEBUG 19556 --- [scheduling-1] c.h.t.m.LocalMessageMapper.selectList    : ==> Parameters: 0(Integer), 2(Integer)
10:06:12:114 DEBUG 19556 --- [scheduling-1] c.h.t.m.LocalMessageMapper.selectList    : <==      Total: 0
10:06:22:116 DEBUG 19556 --- [scheduling-1] c.h.t.m.LocalMessageMapper.selectList    : ==>  Preparing: SELECT id,message_id,exchange,routing_key,message_body,status,try_count,create_time,update_time,user_id FROM t_local_message WHERE (status = ? OR status = ?) LIMIT 100
10:06:22:116 DEBUG 19556 --- [scheduling-1] c.h.t.m.LocalMessageMapper.selectList    : ==> Parameters: 0(Integer), 2(Integer)
10:06:22:117 DEBUG 19556 --- [scheduling-1] c.h.t.m.LocalMessageMapper.selectList    : <==      Total: 0
10:06:32:129 DEBUG 19556 --- [scheduling-1] c.h.t.m.LocalMessageMapper.selectList    : ==>  Preparing: SELECT id,message_id,exchange,routing_key,message_body,status,try_count,create_time,update_time,user_id FROM t_local_message WHERE (status = ? OR status = ?) LIMIT 100
10:06:32:130 DEBUG 19556 --- [scheduling-1] c.h.t.m.LocalMessageMapper.selectList    : ==> Parameters: 0(Integer), 2(Integer)
10:06:32:136 DEBUG 19556 --- [scheduling-1] c.h.t.m.LocalMessageMapper.selectList    : <==      Total: 0
10:06:42:138 DEBUG 19556 --- [scheduling-1] c.h.t.m.LocalMessageMapper.selectList    : ==>  Preparing: SELECT id,message_id,exchange,routing_key,message_body,status,try_count,create_time,update_time,user_id FROM t_local_message WHERE (status = ? OR status = ?) LIMIT 100
10:06:42:139 DEBUG 19556 --- [scheduling-1] c.h.t.m.LocalMessageMapper.selectList    : ==> Parameters: 0(Integer), 2(Integer)
10:06:42:139 DEBUG 19556 --- [scheduling-1] c.h.t.m.LocalMessageMapper.selectList    : <==      Total: 0
10:06:52:166 DEBUG 19556 --- [scheduling-1] c.h.t.m.LocalMessageMapper.selectList    : ==>  Preparing: SELECT id,message_id,exchange,routing_key,message_body,status,try_count,create_time,update_time,user_id FROM t_local_message WHERE (status = ? OR status = ?) LIMIT 100
10:06:52:166 DEBUG 19556 --- [scheduling-1] c.h.t.m.LocalMessageMapper.selectList    : ==> Parameters: 0(Integer), 2(Integer)
10:06:52:167 DEBUG 19556 --- [scheduling-1] c.h.t.m.LocalMessageMapper.selectList    : <==      Total: 0
10:07:02:170 DEBUG 19556 --- [scheduling-1] c.h.t.m.LocalMessageMapper.selectList    : ==>  Preparing: SELECT id,message_id,exchange,routing_key,message_body,status,try_count,create_time,update_time,user_id FROM t_local_message WHERE (status = ? OR status = ?) LIMIT 100
10:07:02:170 DEBUG 19556 --- [scheduling-1] c.h.t.m.LocalMessageMapper.selectList    : ==> Parameters: 0(Integer), 2(Integer)
10:07:02:171 DEBUG 19556 --- [scheduling-1] c.h.t.m.LocalMessageMapper.selectList    : <==      Total: 0
10:07:12:191 DEBUG 19556 --- [scheduling-1] c.h.t.m.LocalMessageMapper.selectList    : ==>  Preparing: SELECT id,message_id,exchange,routing_key,message_body,status,try_count,create_time,update_time,user_id FROM t_local_message WHERE (status = ? OR status = ?) LIMIT 100
10:07:12:191 DEBUG 19556 --- [scheduling-1] c.h.t.m.LocalMessageMapper.selectList    : ==> Parameters: 0(Integer), 2(Integer)
10:07:12:192 DEBUG 19556 --- [scheduling-1] c.h.t.m.LocalMessageMapper.selectList    : <==      Total: 0
10:07:22:193 DEBUG 19556 --- [scheduling-1] c.h.t.m.LocalMessageMapper.selectList    : ==>  Preparing: SELECT id,message_id,exchange,routing_key,message_body,status,try_count,create_time,update_time,user_id FROM t_local_message WHERE (status = ? OR status = ?) LIMIT 100
10:07:22:193 DEBUG 19556 --- [scheduling-1] c.h.t.m.LocalMessageMapper.selectList    : ==> Parameters: 0(Integer), 2(Integer)
10:07:22:194 DEBUG 19556 --- [scheduling-1] c.h.t.m.LocalMessageMapper.selectList    : <==      Total: 0
10:07:32:197 DEBUG 19556 --- [scheduling-1] c.h.t.m.LocalMessageMapper.selectList    : ==>  Preparing: SELECT id,message_id,exchange,routing_key,message_body,status,try_count,create_time,update_time,user_id FROM t_local_message WHERE (status = ? OR status = ?) LIMIT 100
10:07:32:198 DEBUG 19556 --- [scheduling-1] c.h.t.m.LocalMessageMapper.selectList    : ==> Parameters: 0(Integer), 2(Integer)
10:07:32:199 DEBUG 19556 --- [scheduling-1] c.h.t.m.LocalMessageMapper.selectList    : <==      Total: 0
10:07:42:201 DEBUG 19556 --- [scheduling-1] c.h.t.m.LocalMessageMapper.selectList    : ==>  Preparing: SELECT id,message_id,exchange,routing_key,message_body,status,try_count,create_time,update_time,user_id FROM t_local_message WHERE (status = ? OR status = ?) LIMIT 100
10:07:42:201 DEBUG 19556 --- [scheduling-1] c.h.t.m.LocalMessageMapper.selectList    : ==> Parameters: 0(Integer), 2(Integer)
10:07:42:202 DEBUG 19556 --- [scheduling-1] c.h.t.m.LocalMessageMapper.selectList    : <==      Total: 0
10:07:52:204 DEBUG 19556 --- [scheduling-1] c.h.t.m.LocalMessageMapper.selectList    : ==>  Preparing: SELECT id,message_id,exchange,routing_key,message_body,status,try_count,create_time,update_time,user_id FROM t_local_message WHERE (status = ? OR status = ?) LIMIT 100
10:07:52:204 DEBUG 19556 --- [scheduling-1] c.h.t.m.LocalMessageMapper.selectList    : ==> Parameters: 0(Integer), 2(Integer)
10:07:52:205 DEBUG 19556 --- [scheduling-1] c.h.t.m.LocalMessageMapper.selectList    : <==      Total: 0
10:08:02:208 DEBUG 19556 --- [scheduling-1] c.h.t.m.LocalMessageMapper.selectList    : ==>  Preparing: SELECT id,message_id,exchange,routing_key,message_body,status,try_count,create_time,update_time,user_id FROM t_local_message WHERE (status = ? OR status = ?) LIMIT 100
10:08:02:208 DEBUG 19556 --- [scheduling-1] c.h.t.m.LocalMessageMapper.selectList    : ==> Parameters: 0(Integer), 2(Integer)
10:08:02:209 DEBUG 19556 --- [scheduling-1] c.h.t.m.LocalMessageMapper.selectList    : <==      Total: 0
10:08:12:212 DEBUG 19556 --- [scheduling-1] c.h.t.m.LocalMessageMapper.selectList    : ==>  Preparing: SELECT id,message_id,exchange,routing_key,message_body,status,try_count,create_time,update_time,user_id FROM t_local_message WHERE (status = ? OR status = ?) LIMIT 100
10:08:12:212 DEBUG 19556 --- [scheduling-1] c.h.t.m.LocalMessageMapper.selectList    : ==> Parameters: 0(Integer), 2(Integer)
10:08:12:213 DEBUG 19556 --- [scheduling-1] c.h.t.m.LocalMessageMapper.selectList    : <==      Total: 0
10:08:22:220 DEBUG 19556 --- [scheduling-1] c.h.t.m.LocalMessageMapper.selectList    : ==>  Preparing: SELECT id,message_id,exchange,routing_key,message_body,status,try_count,create_time,update_time,user_id FROM t_local_message WHERE (status = ? OR status = ?) LIMIT 100
10:08:22:220 DEBUG 19556 --- [scheduling-1] c.h.t.m.LocalMessageMapper.selectList    : ==> Parameters: 0(Integer), 2(Integer)
10:08:22:221 DEBUG 19556 --- [scheduling-1] c.h.t.m.LocalMessageMapper.selectList    : <==      Total: 0
10:08:32:224 DEBUG 19556 --- [scheduling-1] c.h.t.m.LocalMessageMapper.selectList    : ==>  Preparing: SELECT id,message_id,exchange,routing_key,message_body,status,try_count,create_time,update_time,user_id FROM t_local_message WHERE (status = ? OR status = ?) LIMIT 100
10:08:32:224 DEBUG 19556 --- [scheduling-1] c.h.t.m.LocalMessageMapper.selectList    : ==> Parameters: 0(Integer), 2(Integer)
10:08:32:225 DEBUG 19556 --- [scheduling-1] c.h.t.m.LocalMessageMapper.selectList    : <==      Total: 0
10:08:42:236 DEBUG 19556 --- [scheduling-1] c.h.t.m.LocalMessageMapper.selectList    : ==>  Preparing: SELECT id,message_id,exchange,routing_key,message_body,status,try_count,create_time,update_time,user_id FROM t_local_message WHERE (status = ? OR status = ?) LIMIT 100
10:08:42:237 DEBUG 19556 --- [scheduling-1] c.h.t.m.LocalMessageMapper.selectList    : ==> Parameters: 0(Integer), 2(Integer)
10:08:42:237 DEBUG 19556 --- [scheduling-1] c.h.t.m.LocalMessageMapper.selectList    : <==      Total: 0
10:08:52:239 DEBUG 19556 --- [scheduling-1] c.h.t.m.LocalMessageMapper.selectList    : ==>  Preparing: SELECT id,message_id,exchange,routing_key,message_body,status,try_count,create_time,update_time,user_id FROM t_local_message WHERE (status = ? OR status = ?) LIMIT 100
10:08:52:239 DEBUG 19556 --- [scheduling-1] c.h.t.m.LocalMessageMapper.selectList    : ==> Parameters: 0(Integer), 2(Integer)
10:08:52:240 DEBUG 19556 --- [scheduling-1] c.h.t.m.LocalMessageMapper.selectList    : <==      Total: 0
10:09:02:243 DEBUG 19556 --- [scheduling-1] c.h.t.m.LocalMessageMapper.selectList    : ==>  Preparing: SELECT id,message_id,exchange,routing_key,message_body,status,try_count,create_time,update_time,user_id FROM t_local_message WHERE (status = ? OR status = ?) LIMIT 100
10:09:02:243 DEBUG 19556 --- [scheduling-1] c.h.t.m.LocalMessageMapper.selectList    : ==> Parameters: 0(Integer), 2(Integer)
10:09:02:244 DEBUG 19556 --- [scheduling-1] c.h.t.m.LocalMessageMapper.selectList    : <==      Total: 0
10:09:12:247 DEBUG 19556 --- [scheduling-1] c.h.t.m.LocalMessageMapper.selectList    : ==>  Preparing: SELECT id,message_id,exchange,routing_key,message_body,status,try_count,create_time,update_time,user_id FROM t_local_message WHERE (status = ? OR status = ?) LIMIT 100
10:09:12:247 DEBUG 19556 --- [scheduling-1] c.h.t.m.LocalMessageMapper.selectList    : ==> Parameters: 0(Integer), 2(Integer)
10:09:12:248 DEBUG 19556 --- [scheduling-1] c.h.t.m.LocalMessageMapper.selectList    : <==      Total: 0
10:09:22:250 DEBUG 19556 --- [scheduling-1] c.h.t.m.LocalMessageMapper.selectList    : ==>  Preparing: SELECT id,message_id,exchange,routing_key,message_body,status,try_count,create_time,update_time,user_id FROM t_local_message WHERE (status = ? OR status = ?) LIMIT 100
10:09:22:250 DEBUG 19556 --- [scheduling-1] c.h.t.m.LocalMessageMapper.selectList    : ==> Parameters: 0(Integer), 2(Integer)
10:09:22:251 DEBUG 19556 --- [scheduling-1] c.h.t.m.LocalMessageMapper.selectList    : <==      Total: 0
10:09:32:253 DEBUG 19556 --- [scheduling-1] c.h.t.m.LocalMessageMapper.selectList    : ==>  Preparing: SELECT id,message_id,exchange,routing_key,message_body,status,try_count,create_time,update_time,user_id FROM t_local_message WHERE (status = ? OR status = ?) LIMIT 100
10:09:32:253 DEBUG 19556 --- [scheduling-1] c.h.t.m.LocalMessageMapper.selectList    : ==> Parameters: 0(Integer), 2(Integer)
10:09:32:254 DEBUG 19556 --- [scheduling-1] c.h.t.m.LocalMessageMapper.selectList    : <==      Total: 0
10:09:42:262 DEBUG 19556 --- [scheduling-1] c.h.t.m.LocalMessageMapper.selectList    : ==>  Preparing: SELECT id,message_id,exchange,routing_key,message_body,status,try_count,create_time,update_time,user_id FROM t_local_message WHERE (status = ? OR status = ?) LIMIT 100
10:09:42:262 DEBUG 19556 --- [scheduling-1] c.h.t.m.LocalMessageMapper.selectList    : ==> Parameters: 0(Integer), 2(Integer)
10:09:42:264 DEBUG 19556 --- [scheduling-1] c.h.t.m.LocalMessageMapper.selectList    : <==      Total: 0
10:09:52:267 DEBUG 19556 --- [scheduling-1] c.h.t.m.LocalMessageMapper.selectList    : ==>  Preparing: SELECT id,message_id,exchange,routing_key,message_body,status,try_count,create_time,update_time,user_id FROM t_local_message WHERE (status = ? OR status = ?) LIMIT 100
10:09:52:267 DEBUG 19556 --- [scheduling-1] c.h.t.m.LocalMessageMapper.selectList    : ==> Parameters: 0(Integer), 2(Integer)
10:09:52:268 DEBUG 19556 --- [scheduling-1] c.h.t.m.LocalMessageMapper.selectList    : <==      Total: 0
10:10:02:271 DEBUG 19556 --- [scheduling-1] c.h.t.m.LocalMessageMapper.selectList    : ==>  Preparing: SELECT id,message_id,exchange,routing_key,message_body,status,try_count,create_time,update_time,user_id FROM t_local_message WHERE (status = ? OR status = ?) LIMIT 100
10:10:02:271 DEBUG 19556 --- [scheduling-1] c.h.t.m.LocalMessageMapper.selectList    : ==> Parameters: 0(Integer), 2(Integer)
10:10:02:272 DEBUG 19556 --- [scheduling-1] c.h.t.m.LocalMessageMapper.selectList    : <==      Total: 0
10:10:12:305 DEBUG 19556 --- [scheduling-1] c.h.t.m.LocalMessageMapper.selectList    : ==>  Preparing: SELECT id,message_id,exchange,routing_key,message_body,status,try_count,create_time,update_time,user_id FROM t_local_message WHERE (status = ? OR status = ?) LIMIT 100
10:10:12:305 DEBUG 19556 --- [scheduling-1] c.h.t.m.LocalMessageMapper.selectList    : ==> Parameters: 0(Integer), 2(Integer)
10:10:12:306 DEBUG 19556 --- [scheduling-1] c.h.t.m.LocalMessageMapper.selectList    : <==      Total: 0
10:10:22:321 DEBUG 19556 --- [scheduling-1] c.h.t.m.LocalMessageMapper.selectList    : ==>  Preparing: SELECT id,message_id,exchange,routing_key,message_body,status,try_count,create_time,update_time,user_id FROM t_local_message WHERE (status = ? OR status = ?) LIMIT 100
10:10:22:321 DEBUG 19556 --- [scheduling-1] c.h.t.m.LocalMessageMapper.selectList    : ==> Parameters: 0(Integer), 2(Integer)
10:10:22:322 DEBUG 19556 --- [scheduling-1] c.h.t.m.LocalMessageMapper.selectList    : <==      Total: 0
10:10:32:324 DEBUG 19556 --- [scheduling-1] c.h.t.m.LocalMessageMapper.selectList    : ==>  Preparing: SELECT id,message_id,exchange,routing_key,message_body,status,try_count,create_time,update_time,user_id FROM t_local_message WHERE (status = ? OR status = ?) LIMIT 100
10:10:32:324 DEBUG 19556 --- [scheduling-1] c.h.t.m.LocalMessageMapper.selectList    : ==> Parameters: 0(Integer), 2(Integer)
10:10:32:325 DEBUG 19556 --- [scheduling-1] c.h.t.m.LocalMessageMapper.selectList    : <==      Total: 0
10:10:42:370 DEBUG 19556 --- [scheduling-1] c.h.t.m.LocalMessageMapper.selectList    : ==>  Preparing: SELECT id,message_id,exchange,routing_key,message_body,status,try_count,create_time,update_time,user_id FROM t_local_message WHERE (status = ? OR status = ?) LIMIT 100
10:10:42:385 DEBUG 19556 --- [scheduling-1] c.h.t.m.LocalMessageMapper.selectList    : ==> Parameters: 0(Integer), 2(Integer)
10:10:42:386 DEBUG 19556 --- [scheduling-1] c.h.t.m.LocalMessageMapper.selectList    : <==      Total: 0
10:10:52:442 DEBUG 19556 --- [scheduling-1] c.h.t.m.LocalMessageMapper.selectList    : ==>  Preparing: SELECT id,message_id,exchange,routing_key,message_body,status,try_count,create_time,update_time,user_id FROM t_local_message WHERE (status = ? OR status = ?) LIMIT 100
10:10:52:443 DEBUG 19556 --- [scheduling-1] c.h.t.m.LocalMessageMapper.selectList    : ==> Parameters: 0(Integer), 2(Integer)
10:10:52:443 DEBUG 19556 --- [scheduling-1] c.h.t.m.LocalMessageMapper.selectList    : <==      Total: 0
10:11:02:475 DEBUG 19556 --- [scheduling-1] c.h.t.m.LocalMessageMapper.selectList    : ==>  Preparing: SELECT id,message_id,exchange,routing_key,message_body,status,try_count,create_time,update_time,user_id FROM t_local_message WHERE (status = ? OR status = ?) LIMIT 100
10:11:02:480 DEBUG 19556 --- [scheduling-1] c.h.t.m.LocalMessageMapper.selectList    : ==> Parameters: 0(Integer), 2(Integer)
10:11:02:481 DEBUG 19556 --- [scheduling-1] c.h.t.m.LocalMessageMapper.selectList    : <==      Total: 0
10:11:12:505 DEBUG 19556 --- [scheduling-1] c.h.t.m.LocalMessageMapper.selectList    : ==>  Preparing: SELECT id,message_id,exchange,routing_key,message_body,status,try_count,create_time,update_time,user_id FROM t_local_message WHERE (status = ? OR status = ?) LIMIT 100
10:11:12:505 DEBUG 19556 --- [scheduling-1] c.h.t.m.LocalMessageMapper.selectList    : ==> Parameters: 0(Integer), 2(Integer)
10:11:12:506 DEBUG 19556 --- [scheduling-1] c.h.t.m.LocalMessageMapper.selectList    : <==      Total: 0
10:11:22:517 DEBUG 19556 --- [scheduling-1] c.h.t.m.LocalMessageMapper.selectList    : ==>  Preparing: SELECT id,message_id,exchange,routing_key,message_body,status,try_count,create_time,update_time,user_id FROM t_local_message WHERE (status = ? OR status = ?) LIMIT 100
10:11:22:517 DEBUG 19556 --- [scheduling-1] c.h.t.m.LocalMessageMapper.selectList    : ==> Parameters: 0(Integer), 2(Integer)
10:11:22:518 DEBUG 19556 --- [scheduling-1] c.h.t.m.LocalMessageMapper.selectList    : <==      Total: 0
10:11:32:542 DEBUG 19556 --- [scheduling-1] c.h.t.m.LocalMessageMapper.selectList    : ==>  Preparing: SELECT id,message_id,exchange,routing_key,message_body,status,try_count,create_time,update_time,user_id FROM t_local_message WHERE (status = ? OR status = ?) LIMIT 100
10:11:32:542 DEBUG 19556 --- [scheduling-1] c.h.t.m.LocalMessageMapper.selectList    : ==> Parameters: 0(Integer), 2(Integer)
10:11:32:543 DEBUG 19556 --- [scheduling-1] c.h.t.m.LocalMessageMapper.selectList    : <==      Total: 0
10:11:42:557 DEBUG 19556 --- [scheduling-1] c.h.t.m.LocalMessageMapper.selectList    : ==>  Preparing: SELECT id,message_id,exchange,routing_key,message_body,status,try_count,create_time,update_time,user_id FROM t_local_message WHERE (status = ? OR status = ?) LIMIT 100
10:11:42:558 DEBUG 19556 --- [scheduling-1] c.h.t.m.LocalMessageMapper.selectList    : ==> Parameters: 0(Integer), 2(Integer)
10:11:42:558 DEBUG 19556 --- [scheduling-1] c.h.t.m.LocalMessageMapper.selectList    : <==      Total: 0
10:11:52:576 DEBUG 19556 --- [scheduling-1] c.h.t.m.LocalMessageMapper.selectList    : ==>  Preparing: SELECT id,message_id,exchange,routing_key,message_body,status,try_count,create_time,update_time,user_id FROM t_local_message WHERE (status = ? OR status = ?) LIMIT 100
10:11:52:576 DEBUG 19556 --- [scheduling-1] c.h.t.m.LocalMessageMapper.selectList    : ==> Parameters: 0(Integer), 2(Integer)
10:11:52:577 DEBUG 19556 --- [scheduling-1] c.h.t.m.LocalMessageMapper.selectList    : <==      Total: 0
10:12:02:602 DEBUG 19556 --- [scheduling-1] c.h.t.m.LocalMessageMapper.selectList    : ==>  Preparing: SELECT id,message_id,exchange,routing_key,message_body,status,try_count,create_time,update_time,user_id FROM t_local_message WHERE (status = ? OR status = ?) LIMIT 100
10:12:02:602 DEBUG 19556 --- [scheduling-1] c.h.t.m.LocalMessageMapper.selectList    : ==> Parameters: 0(Integer), 2(Integer)
10:12:02:603 DEBUG 19556 --- [scheduling-1] c.h.t.m.LocalMessageMapper.selectList    : <==      Total: 0
10:12:12:625 DEBUG 19556 --- [scheduling-1] c.h.t.m.LocalMessageMapper.selectList    : ==>  Preparing: SELECT id,message_id,exchange,routing_key,message_body,status,try_count,create_time,update_time,user_id FROM t_local_message WHERE (status = ? OR status = ?) LIMIT 100
10:12:12:625 DEBUG 19556 --- [scheduling-1] c.h.t.m.LocalMessageMapper.selectList    : ==> Parameters: 0(Integer), 2(Integer)
10:12:12:626 DEBUG 19556 --- [scheduling-1] c.h.t.m.LocalMessageMapper.selectList    : <==      Total: 0
10:12:22:699 DEBUG 19556 --- [scheduling-1] c.h.t.m.LocalMessageMapper.selectList    : ==>  Preparing: SELECT id,message_id,exchange,routing_key,message_body,status,try_count,create_time,update_time,user_id FROM t_local_message WHERE (status = ? OR status = ?) LIMIT 100
10:12:22:700 DEBUG 19556 --- [scheduling-1] c.h.t.m.LocalMessageMapper.selectList    : ==> Parameters: 0(Integer), 2(Integer)
10:12:22:701 DEBUG 19556 --- [scheduling-1] c.h.t.m.LocalMessageMapper.selectList    : <==      Total: 0
10:12:32:718 DEBUG 19556 --- [scheduling-1] c.h.t.m.LocalMessageMapper.selectList    : ==>  Preparing: SELECT id,message_id,exchange,routing_key,message_body,status,try_count,create_time,update_time,user_id FROM t_local_message WHERE (status = ? OR status = ?) LIMIT 100
10:12:32:718 DEBUG 19556 --- [scheduling-1] c.h.t.m.LocalMessageMapper.selectList    : ==> Parameters: 0(Integer), 2(Integer)
10:12:32:719 DEBUG 19556 --- [scheduling-1] c.h.t.m.LocalMessageMapper.selectList    : <==      Total: 0
10:12:42:729 DEBUG 19556 --- [scheduling-1] c.h.t.m.LocalMessageMapper.selectList    : ==>  Preparing: SELECT id,message_id,exchange,routing_key,message_body,status,try_count,create_time,update_time,user_id FROM t_local_message WHERE (status = ? OR status = ?) LIMIT 100
10:12:42:729 DEBUG 19556 --- [scheduling-1] c.h.t.m.LocalMessageMapper.selectList    : ==> Parameters: 0(Integer), 2(Integer)
10:12:42:730 DEBUG 19556 --- [scheduling-1] c.h.t.m.LocalMessageMapper.selectList    : <==      Total: 0
10:12:52:733 DEBUG 19556 --- [scheduling-1] c.h.t.m.LocalMessageMapper.selectList    : ==>  Preparing: SELECT id,message_id,exchange,routing_key,message_body,status,try_count,create_time,update_time,user_id FROM t_local_message WHERE (status = ? OR status = ?) LIMIT 100
10:12:52:736 DEBUG 19556 --- [scheduling-1] c.h.t.m.LocalMessageMapper.selectList    : ==> Parameters: 0(Integer), 2(Integer)
10:12:52:737 DEBUG 19556 --- [scheduling-1] c.h.t.m.LocalMessageMapper.selectList    : <==      Total: 0
10:13:02:753 DEBUG 19556 --- [scheduling-1] c.h.t.m.LocalMessageMapper.selectList    : ==>  Preparing: SELECT id,message_id,exchange,routing_key,message_body,status,try_count,create_time,update_time,user_id FROM t_local_message WHERE (status = ? OR status = ?) LIMIT 100
10:13:02:753 DEBUG 19556 --- [scheduling-1] c.h.t.m.LocalMessageMapper.selectList    : ==> Parameters: 0(Integer), 2(Integer)
10:13:02:754 DEBUG 19556 --- [scheduling-1] c.h.t.m.LocalMessageMapper.selectList    : <==      Total: 0
10:13:12:756 DEBUG 19556 --- [scheduling-1] c.h.t.m.LocalMessageMapper.selectList    : ==>  Preparing: SELECT id,message_id,exchange,routing_key,message_body,status,try_count,create_time,update_time,user_id FROM t_local_message WHERE (status = ? OR status = ?) LIMIT 100
10:13:12:756 DEBUG 19556 --- [scheduling-1] c.h.t.m.LocalMessageMapper.selectList    : ==> Parameters: 0(Integer), 2(Integer)
10:13:12:757 DEBUG 19556 --- [scheduling-1] c.h.t.m.LocalMessageMapper.selectList    : <==      Total: 0
10:13:22:773 DEBUG 19556 --- [scheduling-1] c.h.t.m.LocalMessageMapper.selectList    : ==>  Preparing: SELECT id,message_id,exchange,routing_key,message_body,status,try_count,create_time,update_time,user_id FROM t_local_message WHERE (status = ? OR status = ?) LIMIT 100
10:13:22:773 DEBUG 19556 --- [scheduling-1] c.h.t.m.LocalMessageMapper.selectList    : ==> Parameters: 0(Integer), 2(Integer)
10:13:22:774 DEBUG 19556 --- [scheduling-1] c.h.t.m.LocalMessageMapper.selectList    : <==      Total: 0
10:13:32:802 DEBUG 19556 --- [scheduling-1] c.h.t.m.LocalMessageMapper.selectList    : ==>  Preparing: SELECT id,message_id,exchange,routing_key,message_body,status,try_count,create_time,update_time,user_id FROM t_local_message WHERE (status = ? OR status = ?) LIMIT 100
10:13:32:802 DEBUG 19556 --- [scheduling-1] c.h.t.m.LocalMessageMapper.selectList    : ==> Parameters: 0(Integer), 2(Integer)
10:13:32:821 DEBUG 19556 --- [scheduling-1] c.h.t.m.LocalMessageMapper.selectList    : <==      Total: 0
10:13:42:854 DEBUG 19556 --- [scheduling-1] c.h.t.m.LocalMessageMapper.selectList    : ==>  Preparing: SELECT id,message_id,exchange,routing_key,message_body,status,try_count,create_time,update_time,user_id FROM t_local_message WHERE (status = ? OR status = ?) LIMIT 100
10:13:42:854 DEBUG 19556 --- [scheduling-1] c.h.t.m.LocalMessageMapper.selectList    : ==> Parameters: 0(Integer), 2(Integer)
10:13:42:855 DEBUG 19556 --- [scheduling-1] c.h.t.m.LocalMessageMapper.selectList    : <==      Total: 0
10:13:52:857 DEBUG 19556 --- [scheduling-1] c.h.t.m.LocalMessageMapper.selectList    : ==>  Preparing: SELECT id,message_id,exchange,routing_key,message_body,status,try_count,create_time,update_time,user_id FROM t_local_message WHERE (status = ? OR status = ?) LIMIT 100
10:13:52:857 DEBUG 19556 --- [scheduling-1] c.h.t.m.LocalMessageMapper.selectList    : ==> Parameters: 0(Integer), 2(Integer)
10:13:52:858 DEBUG 19556 --- [scheduling-1] c.h.t.m.LocalMessageMapper.selectList    : <==      Total: 0
10:14:02:868 DEBUG 19556 --- [scheduling-1] c.h.t.m.LocalMessageMapper.selectList    : ==>  Preparing: SELECT id,message_id,exchange,routing_key,message_body,status,try_count,create_time,update_time,user_id FROM t_local_message WHERE (status = ? OR status = ?) LIMIT 100
10:14:02:868 DEBUG 19556 --- [scheduling-1] c.h.t.m.LocalMessageMapper.selectList    : ==> Parameters: 0(Integer), 2(Integer)
10:14:02:869 DEBUG 19556 --- [scheduling-1] c.h.t.m.LocalMessageMapper.selectList    : <==      Total: 0
10:14:12:874 DEBUG 19556 --- [scheduling-1] c.h.t.m.LocalMessageMapper.selectList    : ==>  Preparing: SELECT id,message_id,exchange,routing_key,message_body,status,try_count,create_time,update_time,user_id FROM t_local_message WHERE (status = ? OR status = ?) LIMIT 100
10:14:12:875 DEBUG 19556 --- [scheduling-1] c.h.t.m.LocalMessageMapper.selectList    : ==> Parameters: 0(Integer), 2(Integer)
10:14:12:875 DEBUG 19556 --- [scheduling-1] c.h.t.m.LocalMessageMapper.selectList    : <==      Total: 0
10:14:22:880 DEBUG 19556 --- [scheduling-1] c.h.t.m.LocalMessageMapper.selectList    : ==>  Preparing: SELECT id,message_id,exchange,routing_key,message_body,status,try_count,create_time,update_time,user_id FROM t_local_message WHERE (status = ? OR status = ?) LIMIT 100
10:14:22:880 DEBUG 19556 --- [scheduling-1] c.h.t.m.LocalMessageMapper.selectList    : ==> Parameters: 0(Integer), 2(Integer)
10:14:22:880 DEBUG 19556 --- [scheduling-1] c.h.t.m.LocalMessageMapper.selectList    : <==      Total: 0
10:14:32:883 DEBUG 19556 --- [scheduling-1] c.h.t.m.LocalMessageMapper.selectList    : ==>  Preparing: SELECT id,message_id,exchange,routing_key,message_body,status,try_count,create_time,update_time,user_id FROM t_local_message WHERE (status = ? OR status = ?) LIMIT 100
10:14:32:883 DEBUG 19556 --- [scheduling-1] c.h.t.m.LocalMessageMapper.selectList    : ==> Parameters: 0(Integer), 2(Integer)
10:14:32:883 DEBUG 19556 --- [scheduling-1] c.h.t.m.LocalMessageMapper.selectList    : <==      Total: 0
10:14:42:897 DEBUG 19556 --- [scheduling-1] c.h.t.m.LocalMessageMapper.selectList    : ==>  Preparing: SELECT id,message_id,exchange,routing_key,message_body,status,try_count,create_time,update_time,user_id FROM t_local_message WHERE (status = ? OR status = ?) LIMIT 100
10:14:42:897 DEBUG 19556 --- [scheduling-1] c.h.t.m.LocalMessageMapper.selectList    : ==> Parameters: 0(Integer), 2(Integer)
10:14:42:898 DEBUG 19556 --- [scheduling-1] c.h.t.m.LocalMessageMapper.selectList    : <==      Total: 0
10:14:52:899 DEBUG 19556 --- [scheduling-1] c.h.t.m.LocalMessageMapper.selectList    : ==>  Preparing: SELECT id,message_id,exchange,routing_key,message_body,status,try_count,create_time,update_time,user_id FROM t_local_message WHERE (status = ? OR status = ?) LIMIT 100
10:14:52:899 DEBUG 19556 --- [scheduling-1] c.h.t.m.LocalMessageMapper.selectList    : ==> Parameters: 0(Integer), 2(Integer)
10:14:52:900 DEBUG 19556 --- [scheduling-1] c.h.t.m.LocalMessageMapper.selectList    : <==      Total: 0
10:15:02:905 DEBUG 19556 --- [scheduling-1] c.h.t.m.LocalMessageMapper.selectList    : ==>  Preparing: SELECT id,message_id,exchange,routing_key,message_body,status,try_count,create_time,update_time,user_id FROM t_local_message WHERE (status = ? OR status = ?) LIMIT 100
10:15:02:905 DEBUG 19556 --- [scheduling-1] c.h.t.m.LocalMessageMapper.selectList    : ==> Parameters: 0(Integer), 2(Integer)
10:15:02:906 DEBUG 19556 --- [scheduling-1] c.h.t.m.LocalMessageMapper.selectList    : <==      Total: 0
10:15:12:908 DEBUG 19556 --- [scheduling-1] c.h.t.m.LocalMessageMapper.selectList    : ==>  Preparing: SELECT id,message_id,exchange,routing_key,message_body,status,try_count,create_time,update_time,user_id FROM t_local_message WHERE (status = ? OR status = ?) LIMIT 100
10:15:12:908 DEBUG 19556 --- [scheduling-1] c.h.t.m.LocalMessageMapper.selectList    : ==> Parameters: 0(Integer), 2(Integer)
10:15:12:909 DEBUG 19556 --- [scheduling-1] c.h.t.m.LocalMessageMapper.selectList    : <==      Total: 0
10:15:22:923 DEBUG 19556 --- [scheduling-1] c.h.t.m.LocalMessageMapper.selectList    : ==>  Preparing: SELECT id,message_id,exchange,routing_key,message_body,status,try_count,create_time,update_time,user_id FROM t_local_message WHERE (status = ? OR status = ?) LIMIT 100
10:15:22:924 DEBUG 19556 --- [scheduling-1] c.h.t.m.LocalMessageMapper.selectList    : ==> Parameters: 0(Integer), 2(Integer)
10:15:22:924 DEBUG 19556 --- [scheduling-1] c.h.t.m.LocalMessageMapper.selectList    : <==      Total: 0
10:15:32:928 DEBUG 19556 --- [scheduling-1] c.h.t.m.LocalMessageMapper.selectList    : ==>  Preparing: SELECT id,message_id,exchange,routing_key,message_body,status,try_count,create_time,update_time,user_id FROM t_local_message WHERE (status = ? OR status = ?) LIMIT 100
10:15:32:928 DEBUG 19556 --- [scheduling-1] c.h.t.m.LocalMessageMapper.selectList    : ==> Parameters: 0(Integer), 2(Integer)
10:15:32:928 DEBUG 19556 --- [scheduling-1] c.h.t.m.LocalMessageMapper.selectList    : <==      Total: 0
10:15:42:930 DEBUG 19556 --- [scheduling-1] c.h.t.m.LocalMessageMapper.selectList    : ==>  Preparing: SELECT id,message_id,exchange,routing_key,message_body,status,try_count,create_time,update_time,user_id FROM t_local_message WHERE (status = ? OR status = ?) LIMIT 100
10:15:42:938 DEBUG 19556 --- [scheduling-1] c.h.t.m.LocalMessageMapper.selectList    : ==> Parameters: 0(Integer), 2(Integer)
10:15:42:940 DEBUG 19556 --- [scheduling-1] c.h.t.m.LocalMessageMapper.selectList    : <==      Total: 0
10:15:52:942 DEBUG 19556 --- [scheduling-1] c.h.t.m.LocalMessageMapper.selectList    : ==>  Preparing: SELECT id,message_id,exchange,routing_key,message_body,status,try_count,create_time,update_time,user_id FROM t_local_message WHERE (status = ? OR status = ?) LIMIT 100
10:15:52:942 DEBUG 19556 --- [scheduling-1] c.h.t.m.LocalMessageMapper.selectList    : ==> Parameters: 0(Integer), 2(Integer)
10:15:52:943 DEBUG 19556 --- [scheduling-1] c.h.t.m.LocalMessageMapper.selectList    : <==      Total: 0
10:16:02:945 DEBUG 19556 --- [scheduling-1] c.h.t.m.LocalMessageMapper.selectList    : ==>  Preparing: SELECT id,message_id,exchange,routing_key,message_body,status,try_count,create_time,update_time,user_id FROM t_local_message WHERE (status = ? OR status = ?) LIMIT 100
10:16:02:945 DEBUG 19556 --- [scheduling-1] c.h.t.m.LocalMessageMapper.selectList    : ==> Parameters: 0(Integer), 2(Integer)
10:16:02:946 DEBUG 19556 --- [scheduling-1] c.h.t.m.LocalMessageMapper.selectList    : <==      Total: 0
10:16:12:964 DEBUG 19556 --- [scheduling-1] c.h.t.m.LocalMessageMapper.selectList    : ==>  Preparing: SELECT id,message_id,exchange,routing_key,message_body,status,try_count,create_time,update_time,user_id FROM t_local_message WHERE (status = ? OR status = ?) LIMIT 100
10:16:12:964 DEBUG 19556 --- [scheduling-1] c.h.t.m.LocalMessageMapper.selectList    : ==> Parameters: 0(Integer), 2(Integer)
10:16:12:965 DEBUG 19556 --- [scheduling-1] c.h.t.m.LocalMessageMapper.selectList    : <==      Total: 0
10:16:22:968 DEBUG 19556 --- [scheduling-1] c.h.t.m.LocalMessageMapper.selectList    : ==>  Preparing: SELECT id,message_id,exchange,routing_key,message_body,status,try_count,create_time,update_time,user_id FROM t_local_message WHERE (status = ? OR status = ?) LIMIT 100
10:16:22:968 DEBUG 19556 --- [scheduling-1] c.h.t.m.LocalMessageMapper.selectList    : ==> Parameters: 0(Integer), 2(Integer)
10:16:22:969 DEBUG 19556 --- [scheduling-1] c.h.t.m.LocalMessageMapper.selectList    : <==      Total: 0
10:16:32:971 DEBUG 19556 --- [scheduling-1] c.h.t.m.LocalMessageMapper.selectList    : ==>  Preparing: SELECT id,message_id,exchange,routing_key,message_body,status,try_count,create_time,update_time,user_id FROM t_local_message WHERE (status = ? OR status = ?) LIMIT 100
10:16:32:971 DEBUG 19556 --- [scheduling-1] c.h.t.m.LocalMessageMapper.selectList    : ==> Parameters: 0(Integer), 2(Integer)
10:16:32:971 DEBUG 19556 --- [scheduling-1] c.h.t.m.LocalMessageMapper.selectList    : <==      Total: 0
10:16:42:982 DEBUG 19556 --- [scheduling-1] c.h.t.m.LocalMessageMapper.selectList    : ==>  Preparing: SELECT id,message_id,exchange,routing_key,message_body,status,try_count,create_time,update_time,user_id FROM t_local_message WHERE (status = ? OR status = ?) LIMIT 100
10:16:42:982 DEBUG 19556 --- [scheduling-1] c.h.t.m.LocalMessageMapper.selectList    : ==> Parameters: 0(Integer), 2(Integer)
10:16:42:983 DEBUG 19556 --- [scheduling-1] c.h.t.m.LocalMessageMapper.selectList    : <==      Total: 0
10:16:52:986 DEBUG 19556 --- [scheduling-1] c.h.t.m.LocalMessageMapper.selectList    : ==>  Preparing: SELECT id,message_id,exchange,routing_key,message_body,status,try_count,create_time,update_time,user_id FROM t_local_message WHERE (status = ? OR status = ?) LIMIT 100
10:16:52:986 DEBUG 19556 --- [scheduling-1] c.h.t.m.LocalMessageMapper.selectList    : ==> Parameters: 0(Integer), 2(Integer)
10:16:52:987 DEBUG 19556 --- [scheduling-1] c.h.t.m.LocalMessageMapper.selectList    : <==      Total: 0
10:17:02:992 DEBUG 19556 --- [scheduling-1] c.h.t.m.LocalMessageMapper.selectList    : ==>  Preparing: SELECT id,message_id,exchange,routing_key,message_body,status,try_count,create_time,update_time,user_id FROM t_local_message WHERE (status = ? OR status = ?) LIMIT 100
10:17:02:992 DEBUG 19556 --- [scheduling-1] c.h.t.m.LocalMessageMapper.selectList    : ==> Parameters: 0(Integer), 2(Integer)
10:17:02:993 DEBUG 19556 --- [scheduling-1] c.h.t.m.LocalMessageMapper.selectList    : <==      Total: 0
10:17:13:011 DEBUG 19556 --- [scheduling-1] c.h.t.m.LocalMessageMapper.selectList    : ==>  Preparing: SELECT id,message_id,exchange,routing_key,message_body,status,try_count,create_time,update_time,user_id FROM t_local_message WHERE (status = ? OR status = ?) LIMIT 100
10:17:13:011 DEBUG 19556 --- [scheduling-1] c.h.t.m.LocalMessageMapper.selectList    : ==> Parameters: 0(Integer), 2(Integer)
10:17:13:012 DEBUG 19556 --- [scheduling-1] c.h.t.m.LocalMessageMapper.selectList    : <==      Total: 0
10:17:23:018 DEBUG 19556 --- [scheduling-1] c.h.t.m.LocalMessageMapper.selectList    : ==>  Preparing: SELECT id,message_id,exchange,routing_key,message_body,status,try_count,create_time,update_time,user_id FROM t_local_message WHERE (status = ? OR status = ?) LIMIT 100
10:17:23:019 DEBUG 19556 --- [scheduling-1] c.h.t.m.LocalMessageMapper.selectList    : ==> Parameters: 0(Integer), 2(Integer)
10:17:23:019 DEBUG 19556 --- [scheduling-1] c.h.t.m.LocalMessageMapper.selectList    : <==      Total: 0
10:17:33:033 DEBUG 19556 --- [scheduling-1] c.h.t.m.LocalMessageMapper.selectList    : ==>  Preparing: SELECT id,message_id,exchange,routing_key,message_body,status,try_count,create_time,update_time,user_id FROM t_local_message WHERE (status = ? OR status = ?) LIMIT 100
10:17:33:033 DEBUG 19556 --- [scheduling-1] c.h.t.m.LocalMessageMapper.selectList    : ==> Parameters: 0(Integer), 2(Integer)
10:17:33:033 DEBUG 19556 --- [scheduling-1] c.h.t.m.LocalMessageMapper.selectList    : <==      Total: 0
10:17:43:035 DEBUG 19556 --- [scheduling-1] c.h.t.m.LocalMessageMapper.selectList    : ==>  Preparing: SELECT id,message_id,exchange,routing_key,message_body,status,try_count,create_time,update_time,user_id FROM t_local_message WHERE (status = ? OR status = ?) LIMIT 100
10:17:43:035 DEBUG 19556 --- [scheduling-1] c.h.t.m.LocalMessageMapper.selectList    : ==> Parameters: 0(Integer), 2(Integer)
10:17:43:036 DEBUG 19556 --- [scheduling-1] c.h.t.m.LocalMessageMapper.selectList    : <==      Total: 0
10:17:53:038 DEBUG 19556 --- [scheduling-1] c.h.t.m.LocalMessageMapper.selectList    : ==>  Preparing: SELECT id,message_id,exchange,routing_key,message_body,status,try_count,create_time,update_time,user_id FROM t_local_message WHERE (status = ? OR status = ?) LIMIT 100
10:17:53:038 DEBUG 19556 --- [scheduling-1] c.h.t.m.LocalMessageMapper.selectList    : ==> Parameters: 0(Integer), 2(Integer)
10:17:53:039 DEBUG 19556 --- [scheduling-1] c.h.t.m.LocalMessageMapper.selectList    : <==      Total: 0
10:18:03:043 DEBUG 19556 --- [scheduling-1] c.h.t.m.LocalMessageMapper.selectList    : ==>  Preparing: SELECT id,message_id,exchange,routing_key,message_body,status,try_count,create_time,update_time,user_id FROM t_local_message WHERE (status = ? OR status = ?) LIMIT 100
10:18:03:043 DEBUG 19556 --- [scheduling-1] c.h.t.m.LocalMessageMapper.selectList    : ==> Parameters: 0(Integer), 2(Integer)
10:18:03:043 DEBUG 19556 --- [scheduling-1] c.h.t.m.LocalMessageMapper.selectList    : <==      Total: 0
10:18:13:050 DEBUG 19556 --- [scheduling-1] c.h.t.m.LocalMessageMapper.selectList    : ==>  Preparing: SELECT id,message_id,exchange,routing_key,message_body,status,try_count,create_time,update_time,user_id FROM t_local_message WHERE (status = ? OR status = ?) LIMIT 100
10:18:13:051 DEBUG 19556 --- [scheduling-1] c.h.t.m.LocalMessageMapper.selectList    : ==> Parameters: 0(Integer), 2(Integer)
10:18:13:052 DEBUG 19556 --- [scheduling-1] c.h.t.m.LocalMessageMapper.selectList    : <==      Total: 0
10:18:23:056 DEBUG 19556 --- [scheduling-1] c.h.t.m.LocalMessageMapper.selectList    : ==>  Preparing: SELECT id,message_id,exchange,routing_key,message_body,status,try_count,create_time,update_time,user_id FROM t_local_message WHERE (status = ? OR status = ?) LIMIT 100
10:18:23:056 DEBUG 19556 --- [scheduling-1] c.h.t.m.LocalMessageMapper.selectList    : ==> Parameters: 0(Integer), 2(Integer)
10:18:23:057 DEBUG 19556 --- [scheduling-1] c.h.t.m.LocalMessageMapper.selectList    : <==      Total: 0
10:18:33:058 DEBUG 19556 --- [scheduling-1] c.h.t.m.LocalMessageMapper.selectList    : ==>  Preparing: SELECT id,message_id,exchange,routing_key,message_body,status,try_count,create_time,update_time,user_id FROM t_local_message WHERE (status = ? OR status = ?) LIMIT 100
10:18:33:058 DEBUG 19556 --- [scheduling-1] c.h.t.m.LocalMessageMapper.selectList    : ==> Parameters: 0(Integer), 2(Integer)
10:18:33:059 DEBUG 19556 --- [scheduling-1] c.h.t.m.LocalMessageMapper.selectList    : <==      Total: 0
10:18:43:061 DEBUG 19556 --- [scheduling-1] c.h.t.m.LocalMessageMapper.selectList    : ==>  Preparing: SELECT id,message_id,exchange,routing_key,message_body,status,try_count,create_time,update_time,user_id FROM t_local_message WHERE (status = ? OR status = ?) LIMIT 100
10:18:43:061 DEBUG 19556 --- [scheduling-1] c.h.t.m.LocalMessageMapper.selectList    : ==> Parameters: 0(Integer), 2(Integer)
10:18:43:062 DEBUG 19556 --- [scheduling-1] c.h.t.m.LocalMessageMapper.selectList    : <==      Total: 0
10:18:53:064 DEBUG 19556 --- [scheduling-1] c.h.t.m.LocalMessageMapper.selectList    : ==>  Preparing: SELECT id,message_id,exchange,routing_key,message_body,status,try_count,create_time,update_time,user_id FROM t_local_message WHERE (status = ? OR status = ?) LIMIT 100
10:18:53:064 DEBUG 19556 --- [scheduling-1] c.h.t.m.LocalMessageMapper.selectList    : ==> Parameters: 0(Integer), 2(Integer)
10:18:53:065 DEBUG 19556 --- [scheduling-1] c.h.t.m.LocalMessageMapper.selectList    : <==      Total: 0
10:19:03:077 DEBUG 19556 --- [scheduling-1] c.h.t.m.LocalMessageMapper.selectList    : ==>  Preparing: SELECT id,message_id,exchange,routing_key,message_body,status,try_count,create_time,update_time,user_id FROM t_local_message WHERE (status = ? OR status = ?) LIMIT 100
10:19:03:077 DEBUG 19556 --- [scheduling-1] c.h.t.m.LocalMessageMapper.selectList    : ==> Parameters: 0(Integer), 2(Integer)
10:19:03:078 DEBUG 19556 --- [scheduling-1] c.h.t.m.LocalMessageMapper.selectList    : <==      Total: 0
10:19:13:080 DEBUG 19556 --- [scheduling-1] c.h.t.m.LocalMessageMapper.selectList    : ==>  Preparing: SELECT id,message_id,exchange,routing_key,message_body,status,try_count,create_time,update_time,user_id FROM t_local_message WHERE (status = ? OR status = ?) LIMIT 100
10:19:13:080 DEBUG 19556 --- [scheduling-1] c.h.t.m.LocalMessageMapper.selectList    : ==> Parameters: 0(Integer), 2(Integer)
10:19:13:080 DEBUG 19556 --- [scheduling-1] c.h.t.m.LocalMessageMapper.selectList    : <==      Total: 0
10:19:23:083 DEBUG 19556 --- [scheduling-1] c.h.t.m.LocalMessageMapper.selectList    : ==>  Preparing: SELECT id,message_id,exchange,routing_key,message_body,status,try_count,create_time,update_time,user_id FROM t_local_message WHERE (status = ? OR status = ?) LIMIT 100
10:19:23:083 DEBUG 19556 --- [scheduling-1] c.h.t.m.LocalMessageMapper.selectList    : ==> Parameters: 0(Integer), 2(Integer)
10:19:23:084 DEBUG 19556 --- [scheduling-1] c.h.t.m.LocalMessageMapper.selectList    : <==      Total: 0
10:19:33:086 DEBUG 19556 --- [scheduling-1] c.h.t.m.LocalMessageMapper.selectList    : ==>  Preparing: SELECT id,message_id,exchange,routing_key,message_body,status,try_count,create_time,update_time,user_id FROM t_local_message WHERE (status = ? OR status = ?) LIMIT 100
10:19:33:086 DEBUG 19556 --- [scheduling-1] c.h.t.m.LocalMessageMapper.selectList    : ==> Parameters: 0(Integer), 2(Integer)
10:19:33:087 DEBUG 19556 --- [scheduling-1] c.h.t.m.LocalMessageMapper.selectList    : <==      Total: 0
10:19:43:090 DEBUG 19556 --- [scheduling-1] c.h.t.m.LocalMessageMapper.selectList    : ==>  Preparing: SELECT id,message_id,exchange,routing_key,message_body,status,try_count,create_time,update_time,user_id FROM t_local_message WHERE (status = ? OR status = ?) LIMIT 100
10:19:43:090 DEBUG 19556 --- [scheduling-1] c.h.t.m.LocalMessageMapper.selectList    : ==> Parameters: 0(Integer), 2(Integer)
10:19:43:090 DEBUG 19556 --- [scheduling-1] c.h.t.m.LocalMessageMapper.selectList    : <==      Total: 0
10:19:53:093 DEBUG 19556 --- [scheduling-1] c.h.t.m.LocalMessageMapper.selectList    : ==>  Preparing: SELECT id,message_id,exchange,routing_key,message_body,status,try_count,create_time,update_time,user_id FROM t_local_message WHERE (status = ? OR status = ?) LIMIT 100
10:19:53:093 DEBUG 19556 --- [scheduling-1] c.h.t.m.LocalMessageMapper.selectList    : ==> Parameters: 0(Integer), 2(Integer)
10:19:53:093 DEBUG 19556 --- [scheduling-1] c.h.t.m.LocalMessageMapper.selectList    : <==      Total: 0
10:20:03:097 DEBUG 19556 --- [scheduling-1] c.h.t.m.LocalMessageMapper.selectList    : ==>  Preparing: SELECT id,message_id,exchange,routing_key,message_body,status,try_count,create_time,update_time,user_id FROM t_local_message WHERE (status = ? OR status = ?) LIMIT 100
10:20:03:097 DEBUG 19556 --- [scheduling-1] c.h.t.m.LocalMessageMapper.selectList    : ==> Parameters: 0(Integer), 2(Integer)
10:20:03:098 DEBUG 19556 --- [scheduling-1] c.h.t.m.LocalMessageMapper.selectList    : <==      Total: 0
10:20:13:099 DEBUG 19556 --- [scheduling-1] c.h.t.m.LocalMessageMapper.selectList    : ==>  Preparing: SELECT id,message_id,exchange,routing_key,message_body,status,try_count,create_time,update_time,user_id FROM t_local_message WHERE (status = ? OR status = ?) LIMIT 100
10:20:13:099 DEBUG 19556 --- [scheduling-1] c.h.t.m.LocalMessageMapper.selectList    : ==> Parameters: 0(Integer), 2(Integer)
10:20:13:100 DEBUG 19556 --- [scheduling-1] c.h.t.m.LocalMessageMapper.selectList    : <==      Total: 0
10:20:23:104 DEBUG 19556 --- [scheduling-1] c.h.t.m.LocalMessageMapper.selectList    : ==>  Preparing: SELECT id,message_id,exchange,routing_key,message_body,status,try_count,create_time,update_time,user_id FROM t_local_message WHERE (status = ? OR status = ?) LIMIT 100
10:20:23:104 DEBUG 19556 --- [scheduling-1] c.h.t.m.LocalMessageMapper.selectList    : ==> Parameters: 0(Integer), 2(Integer)
10:20:23:105 DEBUG 19556 --- [scheduling-1] c.h.t.m.LocalMessageMapper.selectList    : <==      Total: 0
10:20:33:108 DEBUG 19556 --- [scheduling-1] c.h.t.m.LocalMessageMapper.selectList    : ==>  Preparing: SELECT id,message_id,exchange,routing_key,message_body,status,try_count,create_time,update_time,user_id FROM t_local_message WHERE (status = ? OR status = ?) LIMIT 100
10:20:33:108 DEBUG 19556 --- [scheduling-1] c.h.t.m.LocalMessageMapper.selectList    : ==> Parameters: 0(Integer), 2(Integer)
10:20:33:109 DEBUG 19556 --- [scheduling-1] c.h.t.m.LocalMessageMapper.selectList    : <==      Total: 0
10:20:43:111 DEBUG 19556 --- [scheduling-1] c.h.t.m.LocalMessageMapper.selectList    : ==>  Preparing: SELECT id,message_id,exchange,routing_key,message_body,status,try_count,create_time,update_time,user_id FROM t_local_message WHERE (status = ? OR status = ?) LIMIT 100
10:20:43:111 DEBUG 19556 --- [scheduling-1] c.h.t.m.LocalMessageMapper.selectList    : ==> Parameters: 0(Integer), 2(Integer)
10:20:43:112 DEBUG 19556 --- [scheduling-1] c.h.t.m.LocalMessageMapper.selectList    : <==      Total: 0
10:20:53:122 DEBUG 19556 --- [scheduling-1] c.h.t.m.LocalMessageMapper.selectList    : ==>  Preparing: SELECT id,message_id,exchange,routing_key,message_body,status,try_count,create_time,update_time,user_id FROM t_local_message WHERE (status = ? OR status = ?) LIMIT 100
10:20:53:123 DEBUG 19556 --- [scheduling-1] c.h.t.m.LocalMessageMapper.selectList    : ==> Parameters: 0(Integer), 2(Integer)
10:20:53:123 DEBUG 19556 --- [scheduling-1] c.h.t.m.LocalMessageMapper.selectList    : <==      Total: 0
10:21:03:126 DEBUG 19556 --- [scheduling-1] c.h.t.m.LocalMessageMapper.selectList    : ==>  Preparing: SELECT id,message_id,exchange,routing_key,message_body,status,try_count,create_time,update_time,user_id FROM t_local_message WHERE (status = ? OR status = ?) LIMIT 100
10:21:03:126 DEBUG 19556 --- [scheduling-1] c.h.t.m.LocalMessageMapper.selectList    : ==> Parameters: 0(Integer), 2(Integer)
10:21:03:127 DEBUG 19556 --- [scheduling-1] c.h.t.m.LocalMessageMapper.selectList    : <==      Total: 0
10:21:13:142 DEBUG 19556 --- [scheduling-1] c.h.t.m.LocalMessageMapper.selectList    : ==>  Preparing: SELECT id,message_id,exchange,routing_key,message_body,status,try_count,create_time,update_time,user_id FROM t_local_message WHERE (status = ? OR status = ?) LIMIT 100
10:21:13:142 DEBUG 19556 --- [scheduling-1] c.h.t.m.LocalMessageMapper.selectList    : ==> Parameters: 0(Integer), 2(Integer)
10:21:13:143 DEBUG 19556 --- [scheduling-1] c.h.t.m.LocalMessageMapper.selectList    : <==      Total: 0
10:21:23:149 DEBUG 19556 --- [scheduling-1] c.h.t.m.LocalMessageMapper.selectList    : ==>  Preparing: SELECT id,message_id,exchange,routing_key,message_body,status,try_count,create_time,update_time,user_id FROM t_local_message WHERE (status = ? OR status = ?) LIMIT 100
10:21:23:149 DEBUG 19556 --- [scheduling-1] c.h.t.m.LocalMessageMapper.selectList    : ==> Parameters: 0(Integer), 2(Integer)
10:21:23:150 DEBUG 19556 --- [scheduling-1] c.h.t.m.LocalMessageMapper.selectList    : <==      Total: 0
10:21:33:153 DEBUG 19556 --- [scheduling-1] c.h.t.m.LocalMessageMapper.selectList    : ==>  Preparing: SELECT id,message_id,exchange,routing_key,message_body,status,try_count,create_time,update_time,user_id FROM t_local_message WHERE (status = ? OR status = ?) LIMIT 100
10:21:33:153 DEBUG 19556 --- [scheduling-1] c.h.t.m.LocalMessageMapper.selectList    : ==> Parameters: 0(Integer), 2(Integer)
10:21:33:154 DEBUG 19556 --- [scheduling-1] c.h.t.m.LocalMessageMapper.selectList    : <==      Total: 0
10:21:43:157 DEBUG 19556 --- [scheduling-1] c.h.t.m.LocalMessageMapper.selectList    : ==>  Preparing: SELECT id,message_id,exchange,routing_key,message_body,status,try_count,create_time,update_time,user_id FROM t_local_message WHERE (status = ? OR status = ?) LIMIT 100
10:21:43:157 DEBUG 19556 --- [scheduling-1] c.h.t.m.LocalMessageMapper.selectList    : ==> Parameters: 0(Integer), 2(Integer)
10:21:43:158 DEBUG 19556 --- [scheduling-1] c.h.t.m.LocalMessageMapper.selectList    : <==      Total: 0
10:21:53:160 DEBUG 19556 --- [scheduling-1] c.h.t.m.LocalMessageMapper.selectList    : ==>  Preparing: SELECT id,message_id,exchange,routing_key,message_body,status,try_count,create_time,update_time,user_id FROM t_local_message WHERE (status = ? OR status = ?) LIMIT 100
10:21:53:160 DEBUG 19556 --- [scheduling-1] c.h.t.m.LocalMessageMapper.selectList    : ==> Parameters: 0(Integer), 2(Integer)
10:21:53:162 DEBUG 19556 --- [scheduling-1] c.h.t.m.LocalMessageMapper.selectList    : <==      Total: 0
10:22:03:166 DEBUG 19556 --- [scheduling-1] c.h.t.m.LocalMessageMapper.selectList    : ==>  Preparing: SELECT id,message_id,exchange,routing_key,message_body,status,try_count,create_time,update_time,user_id FROM t_local_message WHERE (status = ? OR status = ?) LIMIT 100
10:22:03:166 DEBUG 19556 --- [scheduling-1] c.h.t.m.LocalMessageMapper.selectList    : ==> Parameters: 0(Integer), 2(Integer)
10:22:03:167 DEBUG 19556 --- [scheduling-1] c.h.t.m.LocalMessageMapper.selectList    : <==      Total: 0
10:22:13:203 DEBUG 19556 --- [scheduling-1] c.h.t.m.LocalMessageMapper.selectList    : ==>  Preparing: SELECT id,message_id,exchange,routing_key,message_body,status,try_count,create_time,update_time,user_id FROM t_local_message WHERE (status = ? OR status = ?) LIMIT 100
10:22:13:203 DEBUG 19556 --- [scheduling-1] c.h.t.m.LocalMessageMapper.selectList    : ==> Parameters: 0(Integer), 2(Integer)
10:22:13:204 DEBUG 19556 --- [scheduling-1] c.h.t.m.LocalMessageMapper.selectList    : <==      Total: 0
10:22:23:207 DEBUG 19556 --- [scheduling-1] c.h.t.m.LocalMessageMapper.selectList    : ==>  Preparing: SELECT id,message_id,exchange,routing_key,message_body,status,try_count,create_time,update_time,user_id FROM t_local_message WHERE (status = ? OR status = ?) LIMIT 100
10:22:23:207 DEBUG 19556 --- [scheduling-1] c.h.t.m.LocalMessageMapper.selectList    : ==> Parameters: 0(Integer), 2(Integer)
10:22:23:208 DEBUG 19556 --- [scheduling-1] c.h.t.m.LocalMessageMapper.selectList    : <==      Total: 0
10:22:33:210 DEBUG 19556 --- [scheduling-1] c.h.t.m.LocalMessageMapper.selectList    : ==>  Preparing: SELECT id,message_id,exchange,routing_key,message_body,status,try_count,create_time,update_time,user_id FROM t_local_message WHERE (status = ? OR status = ?) LIMIT 100
10:22:33:210 DEBUG 19556 --- [scheduling-1] c.h.t.m.LocalMessageMapper.selectList    : ==> Parameters: 0(Integer), 2(Integer)
10:22:33:211 DEBUG 19556 --- [scheduling-1] c.h.t.m.LocalMessageMapper.selectList    : <==      Total: 0
10:22:43:219 DEBUG 19556 --- [scheduling-1] c.h.t.m.LocalMessageMapper.selectList    : ==>  Preparing: SELECT id,message_id,exchange,routing_key,message_body,status,try_count,create_time,update_time,user_id FROM t_local_message WHERE (status = ? OR status = ?) LIMIT 100
10:22:43:219 DEBUG 19556 --- [scheduling-1] c.h.t.m.LocalMessageMapper.selectList    : ==> Parameters: 0(Integer), 2(Integer)
10:22:43:220 DEBUG 19556 --- [scheduling-1] c.h.t.m.LocalMessageMapper.selectList    : <==      Total: 0
10:22:53:223 DEBUG 19556 --- [scheduling-1] c.h.t.m.LocalMessageMapper.selectList    : ==>  Preparing: SELECT id,message_id,exchange,routing_key,message_body,status,try_count,create_time,update_time,user_id FROM t_local_message WHERE (status = ? OR status = ?) LIMIT 100
10:22:53:223 DEBUG 19556 --- [scheduling-1] c.h.t.m.LocalMessageMapper.selectList    : ==> Parameters: 0(Integer), 2(Integer)
10:22:53:224 DEBUG 19556 --- [scheduling-1] c.h.t.m.LocalMessageMapper.selectList    : <==      Total: 0
10:23:03:239 DEBUG 19556 --- [scheduling-1] c.h.t.m.LocalMessageMapper.selectList    : ==>  Preparing: SELECT id,message_id,exchange,routing_key,message_body,status,try_count,create_time,update_time,user_id FROM t_local_message WHERE (status = ? OR status = ?) LIMIT 100
10:23:03:239 DEBUG 19556 --- [scheduling-1] c.h.t.m.LocalMessageMapper.selectList    : ==> Parameters: 0(Integer), 2(Integer)
10:23:03:240 DEBUG 19556 --- [scheduling-1] c.h.t.m.LocalMessageMapper.selectList    : <==      Total: 0
10:23:13:251 DEBUG 19556 --- [scheduling-1] c.h.t.m.LocalMessageMapper.selectList    : ==>  Preparing: SELECT id,message_id,exchange,routing_key,message_body,status,try_count,create_time,update_time,user_id FROM t_local_message WHERE (status = ? OR status = ?) LIMIT 100
10:23:13:251 DEBUG 19556 --- [scheduling-1] c.h.t.m.LocalMessageMapper.selectList    : ==> Parameters: 0(Integer), 2(Integer)
10:23:13:252 DEBUG 19556 --- [scheduling-1] c.h.t.m.LocalMessageMapper.selectList    : <==      Total: 0
10:23:23:261 DEBUG 19556 --- [scheduling-1] c.h.t.m.LocalMessageMapper.selectList    : ==>  Preparing: SELECT id,message_id,exchange,routing_key,message_body,status,try_count,create_time,update_time,user_id FROM t_local_message WHERE (status = ? OR status = ?) LIMIT 100
10:23:23:261 DEBUG 19556 --- [scheduling-1] c.h.t.m.LocalMessageMapper.selectList    : ==> Parameters: 0(Integer), 2(Integer)
10:23:23:262 DEBUG 19556 --- [scheduling-1] c.h.t.m.LocalMessageMapper.selectList    : <==      Total: 0
10:23:33:275 DEBUG 19556 --- [scheduling-1] c.h.t.m.LocalMessageMapper.selectList    : ==>  Preparing: SELECT id,message_id,exchange,routing_key,message_body,status,try_count,create_time,update_time,user_id FROM t_local_message WHERE (status = ? OR status = ?) LIMIT 100
10:23:33:276 DEBUG 19556 --- [scheduling-1] c.h.t.m.LocalMessageMapper.selectList    : ==> Parameters: 0(Integer), 2(Integer)
10:23:33:276 DEBUG 19556 --- [scheduling-1] c.h.t.m.LocalMessageMapper.selectList    : <==      Total: 0
10:23:43:286 DEBUG 19556 --- [scheduling-1] c.h.t.m.LocalMessageMapper.selectList    : ==>  Preparing: SELECT id,message_id,exchange,routing_key,message_body,status,try_count,create_time,update_time,user_id FROM t_local_message WHERE (status = ? OR status = ?) LIMIT 100
10:23:43:287 DEBUG 19556 --- [scheduling-1] c.h.t.m.LocalMessageMapper.selectList    : ==> Parameters: 0(Integer), 2(Integer)
10:23:43:288 DEBUG 19556 --- [scheduling-1] c.h.t.m.LocalMessageMapper.selectList    : <==      Total: 0
10:23:53:292 DEBUG 19556 --- [scheduling-1] c.h.t.m.LocalMessageMapper.selectList    : ==>  Preparing: SELECT id,message_id,exchange,routing_key,message_body,status,try_count,create_time,update_time,user_id FROM t_local_message WHERE (status = ? OR status = ?) LIMIT 100
10:23:53:293 DEBUG 19556 --- [scheduling-1] c.h.t.m.LocalMessageMapper.selectList    : ==> Parameters: 0(Integer), 2(Integer)
10:23:53:293 DEBUG 19556 --- [scheduling-1] c.h.t.m.LocalMessageMapper.selectList    : <==      Total: 0
10:24:03:322 DEBUG 19556 --- [scheduling-1] c.h.t.m.LocalMessageMapper.selectList    : ==>  Preparing: SELECT id,message_id,exchange,routing_key,message_body,status,try_count,create_time,update_time,user_id FROM t_local_message WHERE (status = ? OR status = ?) LIMIT 100
10:24:03:322 DEBUG 19556 --- [scheduling-1] c.h.t.m.LocalMessageMapper.selectList    : ==> Parameters: 0(Integer), 2(Integer)
10:24:03:323 DEBUG 19556 --- [scheduling-1] c.h.t.m.LocalMessageMapper.selectList    : <==      Total: 0
10:24:13:325 DEBUG 19556 --- [scheduling-1] c.h.t.m.LocalMessageMapper.selectList    : ==>  Preparing: SELECT id,message_id,exchange,routing_key,message_body,status,try_count,create_time,update_time,user_id FROM t_local_message WHERE (status = ? OR status = ?) LIMIT 100
10:24:13:325 DEBUG 19556 --- [scheduling-1] c.h.t.m.LocalMessageMapper.selectList    : ==> Parameters: 0(Integer), 2(Integer)
10:24:13:326 DEBUG 19556 --- [scheduling-1] c.h.t.m.LocalMessageMapper.selectList    : <==      Total: 0
10:24:23:328 DEBUG 19556 --- [scheduling-1] c.h.t.m.LocalMessageMapper.selectList    : ==>  Preparing: SELECT id,message_id,exchange,routing_key,message_body,status,try_count,create_time,update_time,user_id FROM t_local_message WHERE (status = ? OR status = ?) LIMIT 100
10:24:23:328 DEBUG 19556 --- [scheduling-1] c.h.t.m.LocalMessageMapper.selectList    : ==> Parameters: 0(Integer), 2(Integer)
10:24:23:329 DEBUG 19556 --- [scheduling-1] c.h.t.m.LocalMessageMapper.selectList    : <==      Total: 0
10:24:33:344 DEBUG 19556 --- [scheduling-1] c.h.t.m.LocalMessageMapper.selectList    : ==>  Preparing: SELECT id,message_id,exchange,routing_key,message_body,status,try_count,create_time,update_time,user_id FROM t_local_message WHERE (status = ? OR status = ?) LIMIT 100
10:24:33:344 DEBUG 19556 --- [scheduling-1] c.h.t.m.LocalMessageMapper.selectList    : ==> Parameters: 0(Integer), 2(Integer)
10:24:33:345 DEBUG 19556 --- [scheduling-1] c.h.t.m.LocalMessageMapper.selectList    : <==      Total: 0
10:24:43:356 DEBUG 19556 --- [scheduling-1] c.h.t.m.LocalMessageMapper.selectList    : ==>  Preparing: SELECT id,message_id,exchange,routing_key,message_body,status,try_count,create_time,update_time,user_id FROM t_local_message WHERE (status = ? OR status = ?) LIMIT 100
10:24:43:356 DEBUG 19556 --- [scheduling-1] c.h.t.m.LocalMessageMapper.selectList    : ==> Parameters: 0(Integer), 2(Integer)
10:24:43:357 DEBUG 19556 --- [scheduling-1] c.h.t.m.LocalMessageMapper.selectList    : <==      Total: 0
10:24:53:367 DEBUG 19556 --- [scheduling-1] c.h.t.m.LocalMessageMapper.selectList    : ==>  Preparing: SELECT id,message_id,exchange,routing_key,message_body,status,try_count,create_time,update_time,user_id FROM t_local_message WHERE (status = ? OR status = ?) LIMIT 100
10:24:53:367 DEBUG 19556 --- [scheduling-1] c.h.t.m.LocalMessageMapper.selectList    : ==> Parameters: 0(Integer), 2(Integer)
10:24:53:368 DEBUG 19556 --- [scheduling-1] c.h.t.m.LocalMessageMapper.selectList    : <==      Total: 0
10:25:03:378 DEBUG 19556 --- [scheduling-1] c.h.t.m.LocalMessageMapper.selectList    : ==>  Preparing: SELECT id,message_id,exchange,routing_key,message_body,status,try_count,create_time,update_time,user_id FROM t_local_message WHERE (status = ? OR status = ?) LIMIT 100
10:25:03:378 DEBUG 19556 --- [scheduling-1] c.h.t.m.LocalMessageMapper.selectList    : ==> Parameters: 0(Integer), 2(Integer)
10:25:03:379 DEBUG 19556 --- [scheduling-1] c.h.t.m.LocalMessageMapper.selectList    : <==      Total: 0
10:25:13:382 DEBUG 19556 --- [scheduling-1] c.h.t.m.LocalMessageMapper.selectList    : ==>  Preparing: SELECT id,message_id,exchange,routing_key,message_body,status,try_count,create_time,update_time,user_id FROM t_local_message WHERE (status = ? OR status = ?) LIMIT 100
10:25:13:382 DEBUG 19556 --- [scheduling-1] c.h.t.m.LocalMessageMapper.selectList    : ==> Parameters: 0(Integer), 2(Integer)
10:25:13:383 DEBUG 19556 --- [scheduling-1] c.h.t.m.LocalMessageMapper.selectList    : <==      Total: 0
10:25:23:387 DEBUG 19556 --- [scheduling-1] c.h.t.m.LocalMessageMapper.selectList    : ==>  Preparing: SELECT id,message_id,exchange,routing_key,message_body,status,try_count,create_time,update_time,user_id FROM t_local_message WHERE (status = ? OR status = ?) LIMIT 100
10:25:23:387 DEBUG 19556 --- [scheduling-1] c.h.t.m.LocalMessageMapper.selectList    : ==> Parameters: 0(Integer), 2(Integer)
10:25:23:388 DEBUG 19556 --- [scheduling-1] c.h.t.m.LocalMessageMapper.selectList    : <==      Total: 0
10:25:33:393 DEBUG 19556 --- [scheduling-1] c.h.t.m.LocalMessageMapper.selectList    : ==>  Preparing: SELECT id,message_id,exchange,routing_key,message_body,status,try_count,create_time,update_time,user_id FROM t_local_message WHERE (status = ? OR status = ?) LIMIT 100
10:25:33:393 DEBUG 19556 --- [scheduling-1] c.h.t.m.LocalMessageMapper.selectList    : ==> Parameters: 0(Integer), 2(Integer)
10:25:33:394 DEBUG 19556 --- [scheduling-1] c.h.t.m.LocalMessageMapper.selectList    : <==      Total: 0
10:25:43:396 DEBUG 19556 --- [scheduling-1] c.h.t.m.LocalMessageMapper.selectList    : ==>  Preparing: SELECT id,message_id,exchange,routing_key,message_body,status,try_count,create_time,update_time,user_id FROM t_local_message WHERE (status = ? OR status = ?) LIMIT 100
10:25:43:396 DEBUG 19556 --- [scheduling-1] c.h.t.m.LocalMessageMapper.selectList    : ==> Parameters: 0(Integer), 2(Integer)
10:25:43:397 DEBUG 19556 --- [scheduling-1] c.h.t.m.LocalMessageMapper.selectList    : <==      Total: 0
10:25:53:400 DEBUG 19556 --- [scheduling-1] c.h.t.m.LocalMessageMapper.selectList    : ==>  Preparing: SELECT id,message_id,exchange,routing_key,message_body,status,try_count,create_time,update_time,user_id FROM t_local_message WHERE (status = ? OR status = ?) LIMIT 100
10:25:53:400 DEBUG 19556 --- [scheduling-1] c.h.t.m.LocalMessageMapper.selectList    : ==> Parameters: 0(Integer), 2(Integer)
10:25:53:402 DEBUG 19556 --- [scheduling-1] c.h.t.m.LocalMessageMapper.selectList    : <==      Total: 0
10:26:03:410 DEBUG 19556 --- [scheduling-1] c.h.t.m.LocalMessageMapper.selectList    : ==>  Preparing: SELECT id,message_id,exchange,routing_key,message_body,status,try_count,create_time,update_time,user_id FROM t_local_message WHERE (status = ? OR status = ?) LIMIT 100
10:26:03:410 DEBUG 19556 --- [scheduling-1] c.h.t.m.LocalMessageMapper.selectList    : ==> Parameters: 0(Integer), 2(Integer)
10:26:03:411 DEBUG 19556 --- [scheduling-1] c.h.t.m.LocalMessageMapper.selectList    : <==      Total: 0
10:26:13:428 DEBUG 19556 --- [scheduling-1] c.h.t.m.LocalMessageMapper.selectList    : ==>  Preparing: SELECT id,message_id,exchange,routing_key,message_body,status,try_count,create_time,update_time,user_id FROM t_local_message WHERE (status = ? OR status = ?) LIMIT 100
10:26:13:429 DEBUG 19556 --- [scheduling-1] c.h.t.m.LocalMessageMapper.selectList    : ==> Parameters: 0(Integer), 2(Integer)
10:26:13:431 DEBUG 19556 --- [scheduling-1] c.h.t.m.LocalMessageMapper.selectList    : <==      Total: 0
10:26:23:443 DEBUG 19556 --- [scheduling-1] c.h.t.m.LocalMessageMapper.selectList    : ==>  Preparing: SELECT id,message_id,exchange,routing_key,message_body,status,try_count,create_time,update_time,user_id FROM t_local_message WHERE (status = ? OR status = ?) LIMIT 100
10:26:23:443 DEBUG 19556 --- [scheduling-1] c.h.t.m.LocalMessageMapper.selectList    : ==> Parameters: 0(Integer), 2(Integer)
10:26:23:446 DEBUG 19556 --- [scheduling-1] c.h.t.m.LocalMessageMapper.selectList    : <==      Total: 0
10:26:33:449 DEBUG 19556 --- [scheduling-1] c.h.t.m.LocalMessageMapper.selectList    : ==>  Preparing: SELECT id,message_id,exchange,routing_key,message_body,status,try_count,create_time,update_time,user_id FROM t_local_message WHERE (status = ? OR status = ?) LIMIT 100
10:26:33:449 DEBUG 19556 --- [scheduling-1] c.h.t.m.LocalMessageMapper.selectList    : ==> Parameters: 0(Integer), 2(Integer)
10:26:33:450 DEBUG 19556 --- [scheduling-1] c.h.t.m.LocalMessageMapper.selectList    : <==      Total: 0
10:26:43:465 DEBUG 19556 --- [scheduling-1] c.h.t.m.LocalMessageMapper.selectList    : ==>  Preparing: SELECT id,message_id,exchange,routing_key,message_body,status,try_count,create_time,update_time,user_id FROM t_local_message WHERE (status = ? OR status = ?) LIMIT 100
10:26:43:465 DEBUG 19556 --- [scheduling-1] c.h.t.m.LocalMessageMapper.selectList    : ==> Parameters: 0(Integer), 2(Integer)
10:26:43:466 DEBUG 19556 --- [scheduling-1] c.h.t.m.LocalMessageMapper.selectList    : <==      Total: 0
10:26:53:475 DEBUG 19556 --- [scheduling-1] c.h.t.m.LocalMessageMapper.selectList    : ==>  Preparing: SELECT id,message_id,exchange,routing_key,message_body,status,try_count,create_time,update_time,user_id FROM t_local_message WHERE (status = ? OR status = ?) LIMIT 100
10:26:53:476 DEBUG 19556 --- [scheduling-1] c.h.t.m.LocalMessageMapper.selectList    : ==> Parameters: 0(Integer), 2(Integer)
10:26:53:477 DEBUG 19556 --- [scheduling-1] c.h.t.m.LocalMessageMapper.selectList    : <==      Total: 0
10:27:03:494 DEBUG 19556 --- [scheduling-1] c.h.t.m.LocalMessageMapper.selectList    : ==>  Preparing: SELECT id,message_id,exchange,routing_key,message_body,status,try_count,create_time,update_time,user_id FROM t_local_message WHERE (status = ? OR status = ?) LIMIT 100
10:27:03:494 DEBUG 19556 --- [scheduling-1] c.h.t.m.LocalMessageMapper.selectList    : ==> Parameters: 0(Integer), 2(Integer)
10:27:03:494 DEBUG 19556 --- [scheduling-1] c.h.t.m.LocalMessageMapper.selectList    : <==      Total: 0
10:27:13:510 DEBUG 19556 --- [scheduling-1] c.h.t.m.LocalMessageMapper.selectList    : ==>  Preparing: SELECT id,message_id,exchange,routing_key,message_body,status,try_count,create_time,update_time,user_id FROM t_local_message WHERE (status = ? OR status = ?) LIMIT 100
10:27:13:510 DEBUG 19556 --- [scheduling-1] c.h.t.m.LocalMessageMapper.selectList    : ==> Parameters: 0(Integer), 2(Integer)
10:27:13:511 DEBUG 19556 --- [scheduling-1] c.h.t.m.LocalMessageMapper.selectList    : <==      Total: 0
10:27:23:524 DEBUG 19556 --- [scheduling-1] c.h.t.m.LocalMessageMapper.selectList    : ==>  Preparing: SELECT id,message_id,exchange,routing_key,message_body,status,try_count,create_time,update_time,user_id FROM t_local_message WHERE (status = ? OR status = ?) LIMIT 100
10:27:23:525 DEBUG 19556 --- [scheduling-1] c.h.t.m.LocalMessageMapper.selectList    : ==> Parameters: 0(Integer), 2(Integer)
10:27:23:525 DEBUG 19556 --- [scheduling-1] c.h.t.m.LocalMessageMapper.selectList    : <==      Total: 0
10:27:33:530 DEBUG 19556 --- [scheduling-1] c.h.t.m.LocalMessageMapper.selectList    : ==>  Preparing: SELECT id,message_id,exchange,routing_key,message_body,status,try_count,create_time,update_time,user_id FROM t_local_message WHERE (status = ? OR status = ?) LIMIT 100
10:27:33:530 DEBUG 19556 --- [scheduling-1] c.h.t.m.LocalMessageMapper.selectList    : ==> Parameters: 0(Integer), 2(Integer)
10:27:33:530 DEBUG 19556 --- [scheduling-1] c.h.t.m.LocalMessageMapper.selectList    : <==      Total: 0
10:27:43:549 DEBUG 19556 --- [scheduling-1] c.h.t.m.LocalMessageMapper.selectList    : ==>  Preparing: SELECT id,message_id,exchange,routing_key,message_body,status,try_count,create_time,update_time,user_id FROM t_local_message WHERE (status = ? OR status = ?) LIMIT 100
10:27:43:549 DEBUG 19556 --- [scheduling-1] c.h.t.m.LocalMessageMapper.selectList    : ==> Parameters: 0(Integer), 2(Integer)
10:27:43:550 DEBUG 19556 --- [scheduling-1] c.h.t.m.LocalMessageMapper.selectList    : <==      Total: 0
10:27:53:562 DEBUG 19556 --- [scheduling-1] c.h.t.m.LocalMessageMapper.selectList    : ==>  Preparing: SELECT id,message_id,exchange,routing_key,message_body,status,try_count,create_time,update_time,user_id FROM t_local_message WHERE (status = ? OR status = ?) LIMIT 100
10:27:53:562 DEBUG 19556 --- [scheduling-1] c.h.t.m.LocalMessageMapper.selectList    : ==> Parameters: 0(Integer), 2(Integer)
10:27:53:563 DEBUG 19556 --- [scheduling-1] c.h.t.m.LocalMessageMapper.selectList    : <==      Total: 0
10:28:03:568 DEBUG 19556 --- [scheduling-1] c.h.t.m.LocalMessageMapper.selectList    : ==>  Preparing: SELECT id,message_id,exchange,routing_key,message_body,status,try_count,create_time,update_time,user_id FROM t_local_message WHERE (status = ? OR status = ?) LIMIT 100
10:28:03:568 DEBUG 19556 --- [scheduling-1] c.h.t.m.LocalMessageMapper.selectList    : ==> Parameters: 0(Integer), 2(Integer)
10:28:03:569 DEBUG 19556 --- [scheduling-1] c.h.t.m.LocalMessageMapper.selectList    : <==      Total: 0
10:28:13:587 DEBUG 19556 --- [scheduling-1] c.h.t.m.LocalMessageMapper.selectList    : ==>  Preparing: SELECT id,message_id,exchange,routing_key,message_body,status,try_count,create_time,update_time,user_id FROM t_local_message WHERE (status = ? OR status = ?) LIMIT 100
10:28:13:587 DEBUG 19556 --- [scheduling-1] c.h.t.m.LocalMessageMapper.selectList    : ==> Parameters: 0(Integer), 2(Integer)
10:28:13:599 DEBUG 19556 --- [scheduling-1] c.h.t.m.LocalMessageMapper.selectList    : <==      Total: 0
10:28:23:601 DEBUG 19556 --- [scheduling-1] c.h.t.m.LocalMessageMapper.selectList    : ==>  Preparing: SELECT id,message_id,exchange,routing_key,message_body,status,try_count,create_time,update_time,user_id FROM t_local_message WHERE (status = ? OR status = ?) LIMIT 100
10:28:23:601 DEBUG 19556 --- [scheduling-1] c.h.t.m.LocalMessageMapper.selectList    : ==> Parameters: 0(Integer), 2(Integer)
10:28:23:601 DEBUG 19556 --- [scheduling-1] c.h.t.m.LocalMessageMapper.selectList    : <==      Total: 0
10:28:33:619 DEBUG 19556 --- [scheduling-1] c.h.t.m.LocalMessageMapper.selectList    : ==>  Preparing: SELECT id,message_id,exchange,routing_key,message_body,status,try_count,create_time,update_time,user_id FROM t_local_message WHERE (status = ? OR status = ?) LIMIT 100
10:28:33:619 DEBUG 19556 --- [scheduling-1] c.h.t.m.LocalMessageMapper.selectList    : ==> Parameters: 0(Integer), 2(Integer)
10:28:33:620 DEBUG 19556 --- [scheduling-1] c.h.t.m.LocalMessageMapper.selectList    : <==      Total: 0
10:28:43:622 DEBUG 19556 --- [scheduling-1] c.h.t.m.LocalMessageMapper.selectList    : ==>  Preparing: SELECT id,message_id,exchange,routing_key,message_body,status,try_count,create_time,update_time,user_id FROM t_local_message WHERE (status = ? OR status = ?) LIMIT 100
10:28:43:622 DEBUG 19556 --- [scheduling-1] c.h.t.m.LocalMessageMapper.selectList    : ==> Parameters: 0(Integer), 2(Integer)
10:28:43:623 DEBUG 19556 --- [scheduling-1] c.h.t.m.LocalMessageMapper.selectList    : <==      Total: 0
10:28:53:630 DEBUG 19556 --- [scheduling-1] c.h.t.m.LocalMessageMapper.selectList    : ==>  Preparing: SELECT id,message_id,exchange,routing_key,message_body,status,try_count,create_time,update_time,user_id FROM t_local_message WHERE (status = ? OR status = ?) LIMIT 100
10:28:53:630 DEBUG 19556 --- [scheduling-1] c.h.t.m.LocalMessageMapper.selectList    : ==> Parameters: 0(Integer), 2(Integer)
10:28:53:631 DEBUG 19556 --- [scheduling-1] c.h.t.m.LocalMessageMapper.selectList    : <==      Total: 0
10:29:03:640 DEBUG 19556 --- [scheduling-1] c.h.t.m.LocalMessageMapper.selectList    : ==>  Preparing: SELECT id,message_id,exchange,routing_key,message_body,status,try_count,create_time,update_time,user_id FROM t_local_message WHERE (status = ? OR status = ?) LIMIT 100
10:29:03:640 DEBUG 19556 --- [scheduling-1] c.h.t.m.LocalMessageMapper.selectList    : ==> Parameters: 0(Integer), 2(Integer)
10:29:03:640 DEBUG 19556 --- [scheduling-1] c.h.t.m.LocalMessageMapper.selectList    : <==      Total: 0
10:29:13:657 DEBUG 19556 --- [scheduling-1] c.h.t.m.LocalMessageMapper.selectList    : ==>  Preparing: SELECT id,message_id,exchange,routing_key,message_body,status,try_count,create_time,update_time,user_id FROM t_local_message WHERE (status = ? OR status = ?) LIMIT 100
10:29:13:658 DEBUG 19556 --- [scheduling-1] c.h.t.m.LocalMessageMapper.selectList    : ==> Parameters: 0(Integer), 2(Integer)
10:29:13:658 DEBUG 19556 --- [scheduling-1] c.h.t.m.LocalMessageMapper.selectList    : <==      Total: 0
10:29:23:675 DEBUG 19556 --- [scheduling-1] c.h.t.m.LocalMessageMapper.selectList    : ==>  Preparing: SELECT id,message_id,exchange,routing_key,message_body,status,try_count,create_time,update_time,user_id FROM t_local_message WHERE (status = ? OR status = ?) LIMIT 100
10:29:23:675 DEBUG 19556 --- [scheduling-1] c.h.t.m.LocalMessageMapper.selectList    : ==> Parameters: 0(Integer), 2(Integer)
10:29:23:676 DEBUG 19556 --- [scheduling-1] c.h.t.m.LocalMessageMapper.selectList    : <==      Total: 0
10:29:33:693 DEBUG 19556 --- [scheduling-1] c.h.t.m.LocalMessageMapper.selectList    : ==>  Preparing: SELECT id,message_id,exchange,routing_key,message_body,status,try_count,create_time,update_time,user_id FROM t_local_message WHERE (status = ? OR status = ?) LIMIT 100
10:29:33:693 DEBUG 19556 --- [scheduling-1] c.h.t.m.LocalMessageMapper.selectList    : ==> Parameters: 0(Integer), 2(Integer)
10:29:33:696 DEBUG 19556 --- [scheduling-1] c.h.t.m.LocalMessageMapper.selectList    : <==      Total: 0
10:29:43:698 DEBUG 19556 --- [scheduling-1] c.h.t.m.LocalMessageMapper.selectList    : ==>  Preparing: SELECT id,message_id,exchange,routing_key,message_body,status,try_count,create_time,update_time,user_id FROM t_local_message WHERE (status = ? OR status = ?) LIMIT 100
10:29:43:699 DEBUG 19556 --- [scheduling-1] c.h.t.m.LocalMessageMapper.selectList    : ==> Parameters: 0(Integer), 2(Integer)
10:29:43:700 DEBUG 19556 --- [scheduling-1] c.h.t.m.LocalMessageMapper.selectList    : <==      Total: 0
10:29:53:710 DEBUG 19556 --- [scheduling-1] c.h.t.m.LocalMessageMapper.selectList    : ==>  Preparing: SELECT id,message_id,exchange,routing_key,message_body,status,try_count,create_time,update_time,user_id FROM t_local_message WHERE (status = ? OR status = ?) LIMIT 100
10:29:53:711 DEBUG 19556 --- [scheduling-1] c.h.t.m.LocalMessageMapper.selectList    : ==> Parameters: 0(Integer), 2(Integer)
10:29:53:711 DEBUG 19556 --- [scheduling-1] c.h.t.m.LocalMessageMapper.selectList    : <==      Total: 0
10:30:03:713 DEBUG 19556 --- [scheduling-1] c.h.t.m.LocalMessageMapper.selectList    : ==>  Preparing: SELECT id,message_id,exchange,routing_key,message_body,status,try_count,create_time,update_time,user_id FROM t_local_message WHERE (status = ? OR status = ?) LIMIT 100
10:30:03:713 DEBUG 19556 --- [scheduling-1] c.h.t.m.LocalMessageMapper.selectList    : ==> Parameters: 0(Integer), 2(Integer)
10:30:03:713 DEBUG 19556 --- [scheduling-1] c.h.t.m.LocalMessageMapper.selectList    : <==      Total: 0
10:30:13:724 DEBUG 19556 --- [scheduling-1] c.h.t.m.LocalMessageMapper.selectList    : ==>  Preparing: SELECT id,message_id,exchange,routing_key,message_body,status,try_count,create_time,update_time,user_id FROM t_local_message WHERE (status = ? OR status = ?) LIMIT 100
10:30:13:734 DEBUG 19556 --- [scheduling-1] c.h.t.m.LocalMessageMapper.selectList    : ==> Parameters: 0(Integer), 2(Integer)
10:30:13:735 DEBUG 19556 --- [scheduling-1] c.h.t.m.LocalMessageMapper.selectList    : <==      Total: 0
10:30:23:736 DEBUG 19556 --- [scheduling-1] c.h.t.m.LocalMessageMapper.selectList    : ==>  Preparing: SELECT id,message_id,exchange,routing_key,message_body,status,try_count,create_time,update_time,user_id FROM t_local_message WHERE (status = ? OR status = ?) LIMIT 100
10:30:23:737 DEBUG 19556 --- [scheduling-1] c.h.t.m.LocalMessageMapper.selectList    : ==> Parameters: 0(Integer), 2(Integer)
10:30:23:737 DEBUG 19556 --- [scheduling-1] c.h.t.m.LocalMessageMapper.selectList    : <==      Total: 0
10:30:33:743 DEBUG 19556 --- [scheduling-1] c.h.t.m.LocalMessageMapper.selectList    : ==>  Preparing: SELECT id,message_id,exchange,routing_key,message_body,status,try_count,create_time,update_time,user_id FROM t_local_message WHERE (status = ? OR status = ?) LIMIT 100
10:30:33:743 DEBUG 19556 --- [scheduling-1] c.h.t.m.LocalMessageMapper.selectList    : ==> Parameters: 0(Integer), 2(Integer)
10:30:33:748 DEBUG 19556 --- [scheduling-1] c.h.t.m.LocalMessageMapper.selectList    : <==      Total: 0
10:30:43:769 DEBUG 19556 --- [scheduling-1] c.h.t.m.LocalMessageMapper.selectList    : ==>  Preparing: SELECT id,message_id,exchange,routing_key,message_body,status,try_count,create_time,update_time,user_id FROM t_local_message WHERE (status = ? OR status = ?) LIMIT 100
10:30:43:770 DEBUG 19556 --- [scheduling-1] c.h.t.m.LocalMessageMapper.selectList    : ==> Parameters: 0(Integer), 2(Integer)
10:30:43:773 DEBUG 19556 --- [scheduling-1] c.h.t.m.LocalMessageMapper.selectList    : <==      Total: 0
10:30:53:776 DEBUG 19556 --- [scheduling-1] c.h.t.m.LocalMessageMapper.selectList    : ==>  Preparing: SELECT id,message_id,exchange,routing_key,message_body,status,try_count,create_time,update_time,user_id FROM t_local_message WHERE (status = ? OR status = ?) LIMIT 100
10:30:53:776 DEBUG 19556 --- [scheduling-1] c.h.t.m.LocalMessageMapper.selectList    : ==> Parameters: 0(Integer), 2(Integer)
10:30:53:789 DEBUG 19556 --- [scheduling-1] c.h.t.m.LocalMessageMapper.selectList    : <==      Total: 0
10:31:03:949 DEBUG 19556 --- [scheduling-1] c.h.t.m.LocalMessageMapper.selectList    : ==>  Preparing: SELECT id,message_id,exchange,routing_key,message_body,status,try_count,create_time,update_time,user_id FROM t_local_message WHERE (status = ? OR status = ?) LIMIT 100
10:31:03:949 DEBUG 19556 --- [scheduling-1] c.h.t.m.LocalMessageMapper.selectList    : ==> Parameters: 0(Integer), 2(Integer)
10:31:03:951 DEBUG 19556 --- [scheduling-1] c.h.t.m.LocalMessageMapper.selectList    : <==      Total: 0
10:31:13:965 DEBUG 19556 --- [scheduling-1] c.h.t.m.LocalMessageMapper.selectList    : ==>  Preparing: SELECT id,message_id,exchange,routing_key,message_body,status,try_count,create_time,update_time,user_id FROM t_local_message WHERE (status = ? OR status = ?) LIMIT 100
10:31:13:975 DEBUG 19556 --- [scheduling-1] c.h.t.m.LocalMessageMapper.selectList    : ==> Parameters: 0(Integer), 2(Integer)
10:31:13:977 DEBUG 19556 --- [scheduling-1] c.h.t.m.LocalMessageMapper.selectList    : <==      Total: 0
10:31:24:029 DEBUG 19556 --- [scheduling-1] c.h.t.m.LocalMessageMapper.selectList    : ==>  Preparing: SELECT id,message_id,exchange,routing_key,message_body,status,try_count,create_time,update_time,user_id FROM t_local_message WHERE (status = ? OR status = ?) LIMIT 100
10:31:24:029 DEBUG 19556 --- [scheduling-1] c.h.t.m.LocalMessageMapper.selectList    : ==> Parameters: 0(Integer), 2(Integer)
10:31:24:033 DEBUG 19556 --- [scheduling-1] c.h.t.m.LocalMessageMapper.selectList    : <==      Total: 0
10:31:34:046 DEBUG 19556 --- [scheduling-1] c.h.t.m.LocalMessageMapper.selectList    : ==>  Preparing: SELECT id,message_id,exchange,routing_key,message_body,status,try_count,create_time,update_time,user_id FROM t_local_message WHERE (status = ? OR status = ?) LIMIT 100
10:31:34:046 DEBUG 19556 --- [scheduling-1] c.h.t.m.LocalMessageMapper.selectList    : ==> Parameters: 0(Integer), 2(Integer)
10:31:34:046 DEBUG 19556 --- [scheduling-1] c.h.t.m.LocalMessageMapper.selectList    : <==      Total: 0
10:31:44:065 DEBUG 19556 --- [scheduling-1] c.h.t.m.LocalMessageMapper.selectList    : ==>  Preparing: SELECT id,message_id,exchange,routing_key,message_body,status,try_count,create_time,update_time,user_id FROM t_local_message WHERE (status = ? OR status = ?) LIMIT 100
10:31:44:065 DEBUG 19556 --- [scheduling-1] c.h.t.m.LocalMessageMapper.selectList    : ==> Parameters: 0(Integer), 2(Integer)
10:31:44:066 DEBUG 19556 --- [scheduling-1] c.h.t.m.LocalMessageMapper.selectList    : <==      Total: 0
10:31:54:068 DEBUG 19556 --- [scheduling-1] c.h.t.m.LocalMessageMapper.selectList    : ==>  Preparing: SELECT id,message_id,exchange,routing_key,message_body,status,try_count,create_time,update_time,user_id FROM t_local_message WHERE (status = ? OR status = ?) LIMIT 100
10:31:54:068 DEBUG 19556 --- [scheduling-1] c.h.t.m.LocalMessageMapper.selectList    : ==> Parameters: 0(Integer), 2(Integer)
10:31:54:069 DEBUG 19556 --- [scheduling-1] c.h.t.m.LocalMessageMapper.selectList    : <==      Total: 0
10:32:04:071 DEBUG 19556 --- [scheduling-1] c.h.t.m.LocalMessageMapper.selectList    : ==>  Preparing: SELECT id,message_id,exchange,routing_key,message_body,status,try_count,create_time,update_time,user_id FROM t_local_message WHERE (status = ? OR status = ?) LIMIT 100
10:32:04:071 DEBUG 19556 --- [scheduling-1] c.h.t.m.LocalMessageMapper.selectList    : ==> Parameters: 0(Integer), 2(Integer)
10:32:04:072 DEBUG 19556 --- [scheduling-1] c.h.t.m.LocalMessageMapper.selectList    : <==      Total: 0
10:32:14:124 DEBUG 19556 --- [scheduling-1] c.h.t.m.LocalMessageMapper.selectList    : ==>  Preparing: SELECT id,message_id,exchange,routing_key,message_body,status,try_count,create_time,update_time,user_id FROM t_local_message WHERE (status = ? OR status = ?) LIMIT 100
10:32:14:125 DEBUG 19556 --- [scheduling-1] c.h.t.m.LocalMessageMapper.selectList    : ==> Parameters: 0(Integer), 2(Integer)
10:32:14:125 DEBUG 19556 --- [scheduling-1] c.h.t.m.LocalMessageMapper.selectList    : <==      Total: 0
10:32:24:141 DEBUG 19556 --- [scheduling-1] c.h.t.m.LocalMessageMapper.selectList    : ==>  Preparing: SELECT id,message_id,exchange,routing_key,message_body,status,try_count,create_time,update_time,user_id FROM t_local_message WHERE (status = ? OR status = ?) LIMIT 100
10:32:24:141 DEBUG 19556 --- [scheduling-1] c.h.t.m.LocalMessageMapper.selectList    : ==> Parameters: 0(Integer), 2(Integer)
10:32:24:142 DEBUG 19556 --- [scheduling-1] c.h.t.m.LocalMessageMapper.selectList    : <==      Total: 0
10:32:34:144 DEBUG 19556 --- [scheduling-1] c.h.t.m.LocalMessageMapper.selectList    : ==>  Preparing: SELECT id,message_id,exchange,routing_key,message_body,status,try_count,create_time,update_time,user_id FROM t_local_message WHERE (status = ? OR status = ?) LIMIT 100
10:32:34:144 DEBUG 19556 --- [scheduling-1] c.h.t.m.LocalMessageMapper.selectList    : ==> Parameters: 0(Integer), 2(Integer)
10:32:34:145 DEBUG 19556 --- [scheduling-1] c.h.t.m.LocalMessageMapper.selectList    : <==      Total: 0
10:32:44:165 DEBUG 19556 --- [scheduling-1] c.h.t.m.LocalMessageMapper.selectList    : ==>  Preparing: SELECT id,message_id,exchange,routing_key,message_body,status,try_count,create_time,update_time,user_id FROM t_local_message WHERE (status = ? OR status = ?) LIMIT 100
10:32:44:165 DEBUG 19556 --- [scheduling-1] c.h.t.m.LocalMessageMapper.selectList    : ==> Parameters: 0(Integer), 2(Integer)
10:32:44:166 DEBUG 19556 --- [scheduling-1] c.h.t.m.LocalMessageMapper.selectList    : <==      Total: 0
10:32:54:185 DEBUG 19556 --- [scheduling-1] c.h.t.m.LocalMessageMapper.selectList    : ==>  Preparing: SELECT id,message_id,exchange,routing_key,message_body,status,try_count,create_time,update_time,user_id FROM t_local_message WHERE (status = ? OR status = ?) LIMIT 100
10:32:54:185 DEBUG 19556 --- [scheduling-1] c.h.t.m.LocalMessageMapper.selectList    : ==> Parameters: 0(Integer), 2(Integer)
10:32:54:186 DEBUG 19556 --- [scheduling-1] c.h.t.m.LocalMessageMapper.selectList    : <==      Total: 0
10:33:04:188 DEBUG 19556 --- [scheduling-1] c.h.t.m.LocalMessageMapper.selectList    : ==>  Preparing: SELECT id,message_id,exchange,routing_key,message_body,status,try_count,create_time,update_time,user_id FROM t_local_message WHERE (status = ? OR status = ?) LIMIT 100
10:33:04:210 DEBUG 19556 --- [scheduling-1] c.h.t.m.LocalMessageMapper.selectList    : ==> Parameters: 0(Integer), 2(Integer)
10:33:04:211 DEBUG 19556 --- [scheduling-1] c.h.t.m.LocalMessageMapper.selectList    : <==      Total: 0
10:33:14:213 DEBUG 19556 --- [scheduling-1] c.h.t.m.LocalMessageMapper.selectList    : ==>  Preparing: SELECT id,message_id,exchange,routing_key,message_body,status,try_count,create_time,update_time,user_id FROM t_local_message WHERE (status = ? OR status = ?) LIMIT 100
10:33:14:240 DEBUG 19556 --- [scheduling-1] c.h.t.m.LocalMessageMapper.selectList    : ==> Parameters: 0(Integer), 2(Integer)
10:33:14:240 DEBUG 19556 --- [scheduling-1] c.h.t.m.LocalMessageMapper.selectList    : <==      Total: 0
10:33:24:262 DEBUG 19556 --- [scheduling-1] c.h.t.m.LocalMessageMapper.selectList    : ==>  Preparing: SELECT id,message_id,exchange,routing_key,message_body,status,try_count,create_time,update_time,user_id FROM t_local_message WHERE (status = ? OR status = ?) LIMIT 100
10:33:24:262 DEBUG 19556 --- [scheduling-1] c.h.t.m.LocalMessageMapper.selectList    : ==> Parameters: 0(Integer), 2(Integer)
10:33:24:263 DEBUG 19556 --- [scheduling-1] c.h.t.m.LocalMessageMapper.selectList    : <==      Total: 0
10:33:34:267 DEBUG 19556 --- [scheduling-1] c.h.t.m.LocalMessageMapper.selectList    : ==>  Preparing: SELECT id,message_id,exchange,routing_key,message_body,status,try_count,create_time,update_time,user_id FROM t_local_message WHERE (status = ? OR status = ?) LIMIT 100
10:33:34:267 DEBUG 19556 --- [scheduling-1] c.h.t.m.LocalMessageMapper.selectList    : ==> Parameters: 0(Integer), 2(Integer)
10:33:34:268 DEBUG 19556 --- [scheduling-1] c.h.t.m.LocalMessageMapper.selectList    : <==      Total: 0
10:33:44:282 DEBUG 19556 --- [scheduling-1] c.h.t.m.LocalMessageMapper.selectList    : ==>  Preparing: SELECT id,message_id,exchange,routing_key,message_body,status,try_count,create_time,update_time,user_id FROM t_local_message WHERE (status = ? OR status = ?) LIMIT 100
10:33:44:282 DEBUG 19556 --- [scheduling-1] c.h.t.m.LocalMessageMapper.selectList    : ==> Parameters: 0(Integer), 2(Integer)
10:33:44:283 DEBUG 19556 --- [scheduling-1] c.h.t.m.LocalMessageMapper.selectList    : <==      Total: 0
10:33:54:286 DEBUG 19556 --- [scheduling-1] c.h.t.m.LocalMessageMapper.selectList    : ==>  Preparing: SELECT id,message_id,exchange,routing_key,message_body,status,try_count,create_time,update_time,user_id FROM t_local_message WHERE (status = ? OR status = ?) LIMIT 100
10:33:54:286 DEBUG 19556 --- [scheduling-1] c.h.t.m.LocalMessageMapper.selectList    : ==> Parameters: 0(Integer), 2(Integer)
10:33:54:287 DEBUG 19556 --- [scheduling-1] c.h.t.m.LocalMessageMapper.selectList    : <==      Total: 0
10:34:04:289 DEBUG 19556 --- [scheduling-1] c.h.t.m.LocalMessageMapper.selectList    : ==>  Preparing: SELECT id,message_id,exchange,routing_key,message_body,status,try_count,create_time,update_time,user_id FROM t_local_message WHERE (status = ? OR status = ?) LIMIT 100
10:34:04:289 DEBUG 19556 --- [scheduling-1] c.h.t.m.LocalMessageMapper.selectList    : ==> Parameters: 0(Integer), 2(Integer)
10:34:04:289 DEBUG 19556 --- [scheduling-1] c.h.t.m.LocalMessageMapper.selectList    : <==      Total: 0
10:34:14:291 DEBUG 19556 --- [scheduling-1] c.h.t.m.LocalMessageMapper.selectList    : ==>  Preparing: SELECT id,message_id,exchange,routing_key,message_body,status,try_count,create_time,update_time,user_id FROM t_local_message WHERE (status = ? OR status = ?) LIMIT 100
10:34:14:291 DEBUG 19556 --- [scheduling-1] c.h.t.m.LocalMessageMapper.selectList    : ==> Parameters: 0(Integer), 2(Integer)
10:34:14:291 DEBUG 19556 --- [scheduling-1] c.h.t.m.LocalMessageMapper.selectList    : <==      Total: 0
10:34:24:293 DEBUG 19556 --- [scheduling-1] c.h.t.m.LocalMessageMapper.selectList    : ==>  Preparing: SELECT id,message_id,exchange,routing_key,message_body,status,try_count,create_time,update_time,user_id FROM t_local_message WHERE (status = ? OR status = ?) LIMIT 100
10:34:24:293 DEBUG 19556 --- [scheduling-1] c.h.t.m.LocalMessageMapper.selectList    : ==> Parameters: 0(Integer), 2(Integer)
10:34:24:294 DEBUG 19556 --- [scheduling-1] c.h.t.m.LocalMessageMapper.selectList    : <==      Total: 0
10:34:34:297 DEBUG 19556 --- [scheduling-1] c.h.t.m.LocalMessageMapper.selectList    : ==>  Preparing: SELECT id,message_id,exchange,routing_key,message_body,status,try_count,create_time,update_time,user_id FROM t_local_message WHERE (status = ? OR status = ?) LIMIT 100
10:34:34:297 DEBUG 19556 --- [scheduling-1] c.h.t.m.LocalMessageMapper.selectList    : ==> Parameters: 0(Integer), 2(Integer)
10:34:34:298 DEBUG 19556 --- [scheduling-1] c.h.t.m.LocalMessageMapper.selectList    : <==      Total: 0
10:34:44:313 DEBUG 19556 --- [scheduling-1] c.h.t.m.LocalMessageMapper.selectList    : ==>  Preparing: SELECT id,message_id,exchange,routing_key,message_body,status,try_count,create_time,update_time,user_id FROM t_local_message WHERE (status = ? OR status = ?) LIMIT 100
10:34:44:313 DEBUG 19556 --- [scheduling-1] c.h.t.m.LocalMessageMapper.selectList    : ==> Parameters: 0(Integer), 2(Integer)
10:34:44:314 DEBUG 19556 --- [scheduling-1] c.h.t.m.LocalMessageMapper.selectList    : <==      Total: 0
10:34:54:316 DEBUG 19556 --- [scheduling-1] c.h.t.m.LocalMessageMapper.selectList    : ==>  Preparing: SELECT id,message_id,exchange,routing_key,message_body,status,try_count,create_time,update_time,user_id FROM t_local_message WHERE (status = ? OR status = ?) LIMIT 100
10:34:54:316 DEBUG 19556 --- [scheduling-1] c.h.t.m.LocalMessageMapper.selectList    : ==> Parameters: 0(Integer), 2(Integer)
10:34:54:317 DEBUG 19556 --- [scheduling-1] c.h.t.m.LocalMessageMapper.selectList    : <==      Total: 0
10:35:04:337 DEBUG 19556 --- [scheduling-1] c.h.t.m.LocalMessageMapper.selectList    : ==>  Preparing: SELECT id,message_id,exchange,routing_key,message_body,status,try_count,create_time,update_time,user_id FROM t_local_message WHERE (status = ? OR status = ?) LIMIT 100
10:35:04:337 DEBUG 19556 --- [scheduling-1] c.h.t.m.LocalMessageMapper.selectList    : ==> Parameters: 0(Integer), 2(Integer)
10:35:04:338 DEBUG 19556 --- [scheduling-1] c.h.t.m.LocalMessageMapper.selectList    : <==      Total: 0
10:35:14:625 DEBUG 19556 --- [scheduling-1] c.h.t.m.LocalMessageMapper.selectList    : ==>  Preparing: SELECT id,message_id,exchange,routing_key,message_body,status,try_count,create_time,update_time,user_id FROM t_local_message WHERE (status = ? OR status = ?) LIMIT 100
10:35:14:630 DEBUG 19556 --- [scheduling-1] c.h.t.m.LocalMessageMapper.selectList    : ==> Parameters: 0(Integer), 2(Integer)
10:35:14:630 DEBUG 19556 --- [scheduling-1] c.h.t.m.LocalMessageMapper.selectList    : <==      Total: 0
10:35:24:670 DEBUG 19556 --- [scheduling-1] c.h.t.m.LocalMessageMapper.selectList    : ==>  Preparing: SELECT id,message_id,exchange,routing_key,message_body,status,try_count,create_time,update_time,user_id FROM t_local_message WHERE (status = ? OR status = ?) LIMIT 100
10:35:24:670 DEBUG 19556 --- [scheduling-1] c.h.t.m.LocalMessageMapper.selectList    : ==> Parameters: 0(Integer), 2(Integer)
10:35:24:671 DEBUG 19556 --- [scheduling-1] c.h.t.m.LocalMessageMapper.selectList    : <==      Total: 0
10:35:34:701 DEBUG 19556 --- [scheduling-1] c.h.t.m.LocalMessageMapper.selectList    : ==>  Preparing: SELECT id,message_id,exchange,routing_key,message_body,status,try_count,create_time,update_time,user_id FROM t_local_message WHERE (status = ? OR status = ?) LIMIT 100
10:35:34:701 DEBUG 19556 --- [scheduling-1] c.h.t.m.LocalMessageMapper.selectList    : ==> Parameters: 0(Integer), 2(Integer)
10:35:34:702 DEBUG 19556 --- [scheduling-1] c.h.t.m.LocalMessageMapper.selectList    : <==      Total: 0
10:35:44:706 DEBUG 19556 --- [scheduling-1] c.h.t.m.LocalMessageMapper.selectList    : ==>  Preparing: SELECT id,message_id,exchange,routing_key,message_body,status,try_count,create_time,update_time,user_id FROM t_local_message WHERE (status = ? OR status = ?) LIMIT 100
10:35:44:707 DEBUG 19556 --- [scheduling-1] c.h.t.m.LocalMessageMapper.selectList    : ==> Parameters: 0(Integer), 2(Integer)
10:35:44:716 DEBUG 19556 --- [scheduling-1] c.h.t.m.LocalMessageMapper.selectList    : <==      Total: 0
10:35:54:734 DEBUG 19556 --- [scheduling-1] c.h.t.m.LocalMessageMapper.selectList    : ==>  Preparing: SELECT id,message_id,exchange,routing_key,message_body,status,try_count,create_time,update_time,user_id FROM t_local_message WHERE (status = ? OR status = ?) LIMIT 100
10:35:54:734 DEBUG 19556 --- [scheduling-1] c.h.t.m.LocalMessageMapper.selectList    : ==> Parameters: 0(Integer), 2(Integer)
10:35:54:735 DEBUG 19556 --- [scheduling-1] c.h.t.m.LocalMessageMapper.selectList    : <==      Total: 0
10:36:04:739 DEBUG 19556 --- [scheduling-1] c.h.t.m.LocalMessageMapper.selectList    : ==>  Preparing: SELECT id,message_id,exchange,routing_key,message_body,status,try_count,create_time,update_time,user_id FROM t_local_message WHERE (status = ? OR status = ?) LIMIT 100
10:36:04:739 DEBUG 19556 --- [scheduling-1] c.h.t.m.LocalMessageMapper.selectList    : ==> Parameters: 0(Integer), 2(Integer)
10:36:04:740 DEBUG 19556 --- [scheduling-1] c.h.t.m.LocalMessageMapper.selectList    : <==      Total: 0
10:36:14:857 DEBUG 19556 --- [scheduling-1] c.h.t.m.LocalMessageMapper.selectList    : ==>  Preparing: SELECT id,message_id,exchange,routing_key,message_body,status,try_count,create_time,update_time,user_id FROM t_local_message WHERE (status = ? OR status = ?) LIMIT 100
10:36:14:874 DEBUG 19556 --- [scheduling-1] c.h.t.m.LocalMessageMapper.selectList    : ==> Parameters: 0(Integer), 2(Integer)
10:36:14:875 DEBUG 19556 --- [scheduling-1] c.h.t.m.LocalMessageMapper.selectList    : <==      Total: 0
10:36:24:889 DEBUG 19556 --- [scheduling-1] c.h.t.m.LocalMessageMapper.selectList    : ==>  Preparing: SELECT id,message_id,exchange,routing_key,message_body,status,try_count,create_time,update_time,user_id FROM t_local_message WHERE (status = ? OR status = ?) LIMIT 100
10:36:24:889 DEBUG 19556 --- [scheduling-1] c.h.t.m.LocalMessageMapper.selectList    : ==> Parameters: 0(Integer), 2(Integer)
10:36:24:890 DEBUG 19556 --- [scheduling-1] c.h.t.m.LocalMessageMapper.selectList    : <==      Total: 0
10:36:34:892 DEBUG 19556 --- [scheduling-1] c.h.t.m.LocalMessageMapper.selectList    : ==>  Preparing: SELECT id,message_id,exchange,routing_key,message_body,status,try_count,create_time,update_time,user_id FROM t_local_message WHERE (status = ? OR status = ?) LIMIT 100
10:36:34:892 DEBUG 19556 --- [scheduling-1] c.h.t.m.LocalMessageMapper.selectList    : ==> Parameters: 0(Integer), 2(Integer)
10:36:34:893 DEBUG 19556 --- [scheduling-1] c.h.t.m.LocalMessageMapper.selectList    : <==      Total: 0
10:36:44:895 DEBUG 19556 --- [scheduling-1] c.h.t.m.LocalMessageMapper.selectList    : ==>  Preparing: SELECT id,message_id,exchange,routing_key,message_body,status,try_count,create_time,update_time,user_id FROM t_local_message WHERE (status = ? OR status = ?) LIMIT 100
10:36:44:895 DEBUG 19556 --- [scheduling-1] c.h.t.m.LocalMessageMapper.selectList    : ==> Parameters: 0(Integer), 2(Integer)
10:36:44:896 DEBUG 19556 --- [scheduling-1] c.h.t.m.LocalMessageMapper.selectList    : <==      Total: 0
10:36:54:910 DEBUG 19556 --- [scheduling-1] c.h.t.m.LocalMessageMapper.selectList    : ==>  Preparing: SELECT id,message_id,exchange,routing_key,message_body,status,try_count,create_time,update_time,user_id FROM t_local_message WHERE (status = ? OR status = ?) LIMIT 100
10:36:54:910 DEBUG 19556 --- [scheduling-1] c.h.t.m.LocalMessageMapper.selectList    : ==> Parameters: 0(Integer), 2(Integer)
10:36:54:911 DEBUG 19556 --- [scheduling-1] c.h.t.m.LocalMessageMapper.selectList    : <==      Total: 0
10:37:04:915 DEBUG 19556 --- [scheduling-1] c.h.t.m.LocalMessageMapper.selectList    : ==>  Preparing: SELECT id,message_id,exchange,routing_key,message_body,status,try_count,create_time,update_time,user_id FROM t_local_message WHERE (status = ? OR status = ?) LIMIT 100
10:37:04:916 DEBUG 19556 --- [scheduling-1] c.h.t.m.LocalMessageMapper.selectList    : ==> Parameters: 0(Integer), 2(Integer)
10:37:04:916 DEBUG 19556 --- [scheduling-1] c.h.t.m.LocalMessageMapper.selectList    : <==      Total: 0
10:37:14:928 DEBUG 19556 --- [scheduling-1] c.h.t.m.LocalMessageMapper.selectList    : ==>  Preparing: SELECT id,message_id,exchange,routing_key,message_body,status,try_count,create_time,update_time,user_id FROM t_local_message WHERE (status = ? OR status = ?) LIMIT 100
10:37:14:928 DEBUG 19556 --- [scheduling-1] c.h.t.m.LocalMessageMapper.selectList    : ==> Parameters: 0(Integer), 2(Integer)
10:37:14:929 DEBUG 19556 --- [scheduling-1] c.h.t.m.LocalMessageMapper.selectList    : <==      Total: 0
10:37:24:931 DEBUG 19556 --- [scheduling-1] c.h.t.m.LocalMessageMapper.selectList    : ==>  Preparing: SELECT id,message_id,exchange,routing_key,message_body,status,try_count,create_time,update_time,user_id FROM t_local_message WHERE (status = ? OR status = ?) LIMIT 100
10:37:24:940 DEBUG 19556 --- [scheduling-1] c.h.t.m.LocalMessageMapper.selectList    : ==> Parameters: 0(Integer), 2(Integer)
10:37:24:941 DEBUG 19556 --- [scheduling-1] c.h.t.m.LocalMessageMapper.selectList    : <==      Total: 0
10:37:34:952 DEBUG 19556 --- [scheduling-1] c.h.t.m.LocalMessageMapper.selectList    : ==>  Preparing: SELECT id,message_id,exchange,routing_key,message_body,status,try_count,create_time,update_time,user_id FROM t_local_message WHERE (status = ? OR status = ?) LIMIT 100
10:37:34:952 DEBUG 19556 --- [scheduling-1] c.h.t.m.LocalMessageMapper.selectList    : ==> Parameters: 0(Integer), 2(Integer)
10:37:34:953 DEBUG 19556 --- [scheduling-1] c.h.t.m.LocalMessageMapper.selectList    : <==      Total: 0
10:37:44:956 DEBUG 19556 --- [scheduling-1] c.h.t.m.LocalMessageMapper.selectList    : ==>  Preparing: SELECT id,message_id,exchange,routing_key,message_body,status,try_count,create_time,update_time,user_id FROM t_local_message WHERE (status = ? OR status = ?) LIMIT 100
10:37:44:956 DEBUG 19556 --- [scheduling-1] c.h.t.m.LocalMessageMapper.selectList    : ==> Parameters: 0(Integer), 2(Integer)
10:37:44:957 DEBUG 19556 --- [scheduling-1] c.h.t.m.LocalMessageMapper.selectList    : <==      Total: 0
10:37:54:978 DEBUG 19556 --- [scheduling-1] c.h.t.m.LocalMessageMapper.selectList    : ==>  Preparing: SELECT id,message_id,exchange,routing_key,message_body,status,try_count,create_time,update_time,user_id FROM t_local_message WHERE (status = ? OR status = ?) LIMIT 100
10:37:54:978 DEBUG 19556 --- [scheduling-1] c.h.t.m.LocalMessageMapper.selectList    : ==> Parameters: 0(Integer), 2(Integer)
10:37:54:979 DEBUG 19556 --- [scheduling-1] c.h.t.m.LocalMessageMapper.selectList    : <==      Total: 0
10:38:04:982 DEBUG 19556 --- [scheduling-1] c.h.t.m.LocalMessageMapper.selectList    : ==>  Preparing: SELECT id,message_id,exchange,routing_key,message_body,status,try_count,create_time,update_time,user_id FROM t_local_message WHERE (status = ? OR status = ?) LIMIT 100
10:38:04:982 DEBUG 19556 --- [scheduling-1] c.h.t.m.LocalMessageMapper.selectList    : ==> Parameters: 0(Integer), 2(Integer)
10:38:04:983 DEBUG 19556 --- [scheduling-1] c.h.t.m.LocalMessageMapper.selectList    : <==      Total: 0
10:38:14:986 DEBUG 19556 --- [scheduling-1] c.h.t.m.LocalMessageMapper.selectList    : ==>  Preparing: SELECT id,message_id,exchange,routing_key,message_body,status,try_count,create_time,update_time,user_id FROM t_local_message WHERE (status = ? OR status = ?) LIMIT 100
10:38:14:986 DEBUG 19556 --- [scheduling-1] c.h.t.m.LocalMessageMapper.selectList    : ==> Parameters: 0(Integer), 2(Integer)
10:38:14:987 DEBUG 19556 --- [scheduling-1] c.h.t.m.LocalMessageMapper.selectList    : <==      Total: 0
10:38:24:989 DEBUG 19556 --- [scheduling-1] c.h.t.m.LocalMessageMapper.selectList    : ==>  Preparing: SELECT id,message_id,exchange,routing_key,message_body,status,try_count,create_time,update_time,user_id FROM t_local_message WHERE (status = ? OR status = ?) LIMIT 100
10:38:24:989 DEBUG 19556 --- [scheduling-1] c.h.t.m.LocalMessageMapper.selectList    : ==> Parameters: 0(Integer), 2(Integer)
10:38:24:990 DEBUG 19556 --- [scheduling-1] c.h.t.m.LocalMessageMapper.selectList    : <==      Total: 0
10:38:34:998 DEBUG 19556 --- [scheduling-1] c.h.t.m.LocalMessageMapper.selectList    : ==>  Preparing: SELECT id,message_id,exchange,routing_key,message_body,status,try_count,create_time,update_time,user_id FROM t_local_message WHERE (status = ? OR status = ?) LIMIT 100
10:38:34:998 DEBUG 19556 --- [scheduling-1] c.h.t.m.LocalMessageMapper.selectList    : ==> Parameters: 0(Integer), 2(Integer)
10:38:34:999 DEBUG 19556 --- [scheduling-1] c.h.t.m.LocalMessageMapper.selectList    : <==      Total: 0
10:38:45:010 DEBUG 19556 --- [scheduling-1] c.h.t.m.LocalMessageMapper.selectList    : ==>  Preparing: SELECT id,message_id,exchange,routing_key,message_body,status,try_count,create_time,update_time,user_id FROM t_local_message WHERE (status = ? OR status = ?) LIMIT 100
10:38:45:010 DEBUG 19556 --- [scheduling-1] c.h.t.m.LocalMessageMapper.selectList    : ==> Parameters: 0(Integer), 2(Integer)
10:38:45:011 DEBUG 19556 --- [scheduling-1] c.h.t.m.LocalMessageMapper.selectList    : <==      Total: 0
10:38:55:103 DEBUG 19556 --- [scheduling-1] c.h.t.m.LocalMessageMapper.selectList    : ==>  Preparing: SELECT id,message_id,exchange,routing_key,message_body,status,try_count,create_time,update_time,user_id FROM t_local_message WHERE (status = ? OR status = ?) LIMIT 100
10:38:55:103 DEBUG 19556 --- [scheduling-1] c.h.t.m.LocalMessageMapper.selectList    : ==> Parameters: 0(Integer), 2(Integer)
10:38:55:104 DEBUG 19556 --- [scheduling-1] c.h.t.m.LocalMessageMapper.selectList    : <==      Total: 0
10:38:56:731  WARN 19556 --- [Thread-5] c.a.nacos.common.notify.NotifyCenter     : [NotifyCenter] Start destroying Publisher
10:38:56:938  WARN 19556 --- [Thread-5] c.a.nacos.common.notify.NotifyCenter     : [NotifyCenter] Destruction of the end
10:38:57:452  WARN 19556 --- [Thread-1] c.a.n.common.http.HttpClientBeanHolder   : [HttpClientBeanHolder] Start destroying common HttpClient
10:38:58:926  WARN 19556 --- [Thread-1] c.a.n.common.http.HttpClientBeanHolder   : [HttpClientBeanHolder] Destruction of the end
10:39:05:215 DEBUG 19556 --- [scheduling-1] c.h.t.m.LocalMessageMapper.selectList    : ==>  Preparing: SELECT id,message_id,exchange,routing_key,message_body,status,try_count,create_time,update_time,user_id FROM t_local_message WHERE (status = ? OR status = ?) LIMIT 100
10:39:05:215 DEBUG 19556 --- [scheduling-1] c.h.t.m.LocalMessageMapper.selectList    : ==> Parameters: 0(Integer), 2(Integer)
10:39:05:216 DEBUG 19556 --- [scheduling-1] c.h.t.m.LocalMessageMapper.selectList    : <==      Total: 0
10:39:07:894  INFO 19556 --- [org.springframework.amqp.rabbit.RabbitListenerEndpointContainer#0-2] o.s.a.r.l.SimpleMessageListenerContainer : Waiting for workers to finish.
10:39:07:895  INFO 19556 --- [org.springframework.amqp.rabbit.RabbitListenerEndpointContainer#1-2] o.s.a.r.l.SimpleMessageListenerContainer : Waiting for workers to finish.
10:39:08:353  INFO 19556 --- [org.springframework.amqp.rabbit.RabbitListenerEndpointContainer#0-2] o.s.a.r.l.SimpleMessageListenerContainer : Successfully waited for workers to finish.
10:39:08:445  INFO 19556 --- [org.springframework.amqp.rabbit.RabbitListenerEndpointContainer#1-2] o.s.a.r.l.SimpleMessageListenerContainer : Successfully waited for workers to finish.
10:39:11:138  INFO 19556 --- [SpringContextShutdownHook] c.a.c.n.registry.NacosServiceRegistry    : De-registering from Nacos Server now...
10:39:11:145  INFO 19556 --- [SpringContextShutdownHook] c.a.c.n.registry.NacosServiceRegistry    : De-registration finished.
10:39:11:503  INFO 19556 --- [SpringContextShutdownHook] com.alibaba.nacos.common.remote.client   : Shutdown rpc client, set status to shutdown
10:39:11:504  INFO 19556 --- [SpringContextShutdownHook] com.alibaba.nacos.common.remote.client   : Shutdown client event executor java.util.concurrent.ScheduledThreadPoolExecutor@2e837426[Running, pool size = 2, active threads = 2, queued tasks = 0, completed tasks = 0]
10:39:11:504  INFO 19556 --- [SpringContextShutdownHook] com.alibaba.nacos.common.remote.client   : Close current connection 1773797227130_192.168.100.1_13913
10:39:11:586  INFO 19556 --- [nacos-grpc-client-executor-886] c.a.n.c.remote.client.grpc.GrpcClient    : [1773797227130_192.168.100.1_13913]Ignore complete event,isRunning:false,isAbandon=false
10:39:11:753  INFO 19556 --- [SpringContextShutdownHook] c.a.n.c.remote.client.grpc.GrpcClient    : Shutdown grpc executor java.util.concurrent.ThreadPoolExecutor@423e5a37[Running, pool size = 6, active threads = 0, queued tasks = 0, completed tasks = 887]
10:39:12:015  INFO 19556 --- [SpringContextShutdownHook] com.zaxxer.hikari.HikariDataSource       : HikariPool-1 - Shutdown initiated...
10:39:12:039  INFO 19556 --- [SpringContextShutdownHook] com.zaxxer.hikari.HikariDataSource       : HikariPool-1 - Shutdown completed.
10:39:12:049  INFO 19556 --- [SpringContextShutdownHook] o.s.a.r.l.SimpleMessageListenerContainer : Shutdown ignored - container is already stopped
10:39:12:049  INFO 19556 --- [SpringContextShutdownHook] o.s.a.r.l.SimpleMessageListenerContainer : Shutdown ignored - container is already stopped
